Location Properties,,,,,,,,,,,,,,,,,,,,,
Location Name = LT1,,,,,,,,,,,,,,,,,,,,,
Location ID = 69368ea8-ff16-46c6-bd38-931901b21073,,,,,,,,,,,,,,,,,,,,,
Latitude = 41.26857442083419 °,,,,,,,,,,,,,,,,,,,,,
Longitude = -74.08753737886605 °,,,,,,,,,,,,,,,,,,,,,
,,,,,,,,,,,,,,,,,,,,,
Report Properties,,,,,,,,,,,,,,,,,,,,,
Start Time = 2025-05-27 17:39:24,,,,,,,,,,,,,,,,,,,,,
Time Offset = -04:00:00,,,,,,,,,,,,,,,,,,,,,
Duration = 00:12:42,,,,,,,,,,,,,,,,,,,,,
Readings = 382,,,,,,,,,,,,,,,,,,,,,
,,,,,,,,,,,,,,,,,,,,,
Instrument Properties,,,,,,,,,,,,,,,,,,,,,
Device Model = Aqua TROLL 800,,,,,,,,,,,,,,,,,,,,,
Device SN = 1155867,,,,,,,,,,,,,,,,,,,,,
,,,,,,,,,,,,,,,,,,,,,
Instrument Properties,,,,,,,,,,,,,,,,,,,,,
Device Model = Wireless TROLL Com,,,,,,,,,,,,,,,,,,,,,
Device SN = 1153542,,,,,,,,,,,,,,,,,,,,,
,,,,,,,,,,,,,,,,,,,,,
,,,,,,,,,,,,,,,,,,,,,
Date Time,,Specific Conductivity (µS/cm) (1154450),RDO Concentration (mg/L) (1147006),RDO Saturation (%Sat) (1147006),BGA-PC Fluorescence (RFU) (1142613),Chlorophyll-a Fluorescence (RFU) (1151543),pH (pH) (1112266),pH mV (mV) (1112266),ORP (mV) (1112266),Turbidity (NTU) (1154355),Temperature (°C) (1155867),Barometric Pressure (mm Hg) (1155867),Pressure (psi) (1147922),Depth (m) (1147922),External Voltage (V) (1155867),Battery Capacity (%) (1155867),Barometric Pressure (mbar) (1153542),Temperature (°C) (1153542),Latitude (°),Longitude (°),Marked
5/27/2025 17:39:24,,0,9.139112,99.42091,0.045870885,8.27E-05,7.741624,-54.105873,196.07622,2.4529545,18.328611,743.19434,-0.09719758,0.11028186,0.000535102,77,990.8841,22.17,41.26861366,-74.08753267,
5/27/2025 17:39:26,,0,9.138158,99.406,0.0451657,7.67E-05,7.744407,-54.263855,194.5385,2.467646,18.325523,743.19336,-0.09619788,0.11858369,0.000247126,77,990.8853,22.17,41.26861371,-74.08753277,
5/27/2025 17:39:28,,0,9.137204,99.391075,0.04446051,7.08E-05,7.74719,-54.421837,193.00078,2.482337,18.322437,743.1923,-0.09519818,0.1268855,0,77,990.88654,22.17,41.26861371,-74.08753277,
5/27/2025 17:39:30,,69.316376,9.378952,102.21672,0.015543571,0.012586115,7.378478,-33.42537,261.4413,0.88314366,18.41373,743.22314,0.2254536,0.35641384,0,77,990.86255,22.17836,41.26861509,-74.08753357,
5/27/2025 17:39:32,,72.4116,9.389804,102.34223,0.013768513,0.013146075,7.3780727,-33.40273,264.1693,0.81762826,18.416557,743.22406,0.24013908,0.37000465,0,77,990.8622,22.178734,41.26861509,-74.08753357,
5/27/2025 17:39:34,,75.50683,9.400656,102.46774,0.011993454,0.013706035,7.377667,-33.38009,266.89728,0.75211287,18.419382,743.225,0.25482458,0.3835955,0,77,990.8619,22.179106,41.26861509,-74.08753357,
5/27/2025 17:39:36,,78.60206,9.411508,102.593254,0.010218396,0.014265996,7.3772616,-33.35745,269.62527,0.68659747,18.422209,743.2259,0.26951006,0.39718634,0,77,990.8616,22.17948,41.26861509,-74.08753357,
5/27/2025 17:39:38,,79.69998,9.516543,103.759346,0.017518105,0.016126312,7.3839564,-33.74036,263.82773,0.6794482,18.431976,743.2012,0.2783078,0.4018661,0,77,990.8523,22.179623,41.26861509,-74.08753357,
5/27/2025 17:39:40,,81.02252,9.525621,103.86275,0.017313004,0.016438475,7.377286,-33.360577,264.82953,0.64970607,18.434093,743.2007,0.28458822,0.40627298,0,77,990.85144,22.179783,41.26861509,-74.08753357,
5/27/2025 17:39:42,,82.34507,9.5347,103.96615,0.017107902,0.01675064,7.3706155,-32.98079,265.83136,0.61996394,18.436209,743.20013,0.2908686,0.41067985,0,77,990.8506,22.179943,41.26861509,-74.08753357,
5/27/2025 17:39:44,,83.66762,9.543779,104.06955,0.0169028,0.017062802,7.363945,-32.601006,266.83316,0.59022176,18.438326,743.1996,0.29714903,0.41508672,0,77,990.84973,22.180103,41.26861525,-74.08753482,
5/27/2025 17:39:46,,82.79901,9.577893,104.45033,0.023239445,0.013130363,7.3825774,-33.66334,262.25143,0.59656394,18.442379,743.199,0.28749153,0.40848756,0,77,990.85,22.18,41.26861469,-74.08753243,
5/27/2025 17:39:48,,82.79652,9.581376,104.48911,0.023641102,0.012995685,7.383553,-33.718975,261.95685,0.5964022,18.442747,743.1985,0.287305,0.4083605,0,77,990.8498,22.18,41.26861442,-74.0875344,
5/27/2025 17:39:50,,82.79402,9.584859,104.527885,0.024042761,0.012861006,7.384528,-33.774612,261.66226,0.59624046,18.443115,743.198,0.28711846,0.40823346,0,77,990.8496,22.18,41.26861742,-74.08753278,
5/27/2025 17:39:52,,82.79153,9.588341,104.56666,0.024444418,0.012726328,7.385504,-33.83025,261.3677,0.59607875,18.443483,743.1975,0.28693193,0.40810642,0,77,990.8495,22.18,41.26861674,-74.08753205,
5/27/2025 17:39:54,,82.78903,9.591824,104.60544,0.024846075,0.01259165,7.386479,-33.885887,261.07312,0.59591705,18.443851,743.197,0.28674543,0.4079794,0,77,990.8493,22.18,41.26861344,-74.08754003,
5/27/2025 17:39:56,,82.857086,9.610853,104.794685,0.008575887,0.015481846,7.3950024,-34.37073,258.04062,0.6011987,18.43578,743.2046,0.2811942,0.4041527,0,77,990.8584,22.188751,41.26861778,-74.08753454,
5/27/2025 17:39:58,,82.85928,9.612456,104.81169,0.008062563,0.015522963,7.3956347,-34.40675,257.83878,0.6011702,18.435574,743.20483,0.2808664,0.40392873,0,77,990.85876,22.189095,41.26861701,-74.08753515,
5/27/2025 17:40:0,,82.86148,9.614059,104.82869,0.007549239,0.01556408,7.3962674,-34.442772,257.63693,0.6011417,18.435368,743.2051,0.28053862,0.4037048,0,77,990.85913,22.18944,41.26861305,-74.08754217,
5/27/2025 17:40:2,,82.86368,9.615663,104.845695,0.007035915,0.015605197,7.3968997,-34.478794,257.43506,0.6011132,18.435162,743.2053,0.28021082,0.40348083,0,77,990.85944,22.189785,41.26861098,-74.08753416,
5/27/2025 17:40:4,,82.89431,9.615906,104.85171,0.020765204,0.011836688,7.3993998,-34.621433,255.19147,0.5957082,18.436287,743.1987,0.2925477,0.41234213,0,77,990.8507,22.19836,41.26860757,-74.08753263,
5/27/2025 17:40:6,,82.896576,9.616368,104.85658,0.02103303,0.011734564,7.399679,-34.63736,255.04169,0.59557927,18.436207,743.1986,0.29292214,0.41261417,0,77,990.8505,22.198843,41.26860944,-74.08753101,
5/27/2025 17:40:8,,82.89884,9.61683,104.861465,0.021300856,0.011632441,7.3999586,-34.653286,254.89189,0.59545034,18.436125,743.1985,0.29329658,0.4128862,0,77,990.85034,22.199324,41.26860569,-74.08753292,
5/27/2025 17:40:10,,82.90111,9.617291,104.86635,0.021568684,0.011530317,7.4002385,-34.66921,254.74211,0.5953214,18.436045,743.19836,0.293671,0.4131582,0,77,990.85016,22.199806,41.26860613,-74.0875417,
5/27/2025 17:40:12,,82.86481,9.618598,104.876625,0.021396901,0.013230442,7.414666,-35.491364,251.76816,0.58552986,18.434675,743.20465,0.2983087,0.4159689,0,77,990.8585,22.208174,41.26860601,-74.08754153,
5/27/2025 17:40:14,,82.86396,9.618692,104.877556,0.021606788,0.013233926,7.4152784,-35.526245,251.6118,0.58506113,18.434639,743.2048,0.29868272,0.4162178,0,77,990.8587,22.208645,41.26860779,-74.08753509,
5/27/2025 17:40:16,,82.86311,9.618787,104.87848,0.021816673,0.013237411,7.4158907,-35.561127,251.45544,0.58459246,18.4346,743.2049,0.2990567,0.4164667,0,77,990.8589,22.209114,41.26861073,-74.08753769,
5/27/2025 17:40:18,,82.86227,9.618881,104.8794,0.02202656,0.013240896,7.4165025,-35.59601,251.2991,0.58412373,18.434563,743.2051,0.29943073,0.41671562,0,77,990.8591,22.209585,41.26860708,-74.08754235,
5/27/2025 17:40:20,,82.938126,9.620516,104.88978,0.019138288,0.010803249,7.4238844,-36.016323,248.91212,0.56605774,18.431007,743.2052,0.2990168,0.41676295,0,77,990.85925,22.2096,41.2686091,-74.08754637,
5/27/2025 17:40:22,,82.9405,9.620607,104.89042,0.019024571,0.010735976,7.4244037,-36.045906,248.77065,0.56520456,18.430847,743.2053,0.29907787,0.4168118,0,77,990.85944,22.20974,41.2686114,-74.08754424,
5/27/2025 17:40:24,,82.94287,9.6207,104.89107,0.018910855,0.010668702,7.4249234,-36.075485,248.62918,0.56435144,18.430687,743.20544,0.29913893,0.41686064,0,77,990.85956,22.20988,41.26860884,-74.08754041,
5/27/2025 17:40:26,,82.945244,9.620791,104.891716,0.018797139,0.010601428,7.4254427,-36.10507,248.48772,0.5634983,18.430527,743.2055,0.29919997,0.41690952,0,77,990.8597,22.210022,41.26861148,-74.08753631,
5/27/2025 17:40:28,,82.94762,9.620883,104.89236,0.018683424,0.010534154,7.425962,-36.134647,248.34624,0.56264514,18.430365,743.2056,0.29926103,0.41695836,0,77,990.85986,22.210161,41.26860605,-74.08754054,
5/27/2025 17:40:30,,82.89965,9.617459,104.86275,0.02105047,0.013749456,7.4307528,-36.408047,246.59038,0.5945335,18.433144,743.1925,0.2981057,0.41619205,0,77,990.8424,22.21,41.26860522,-74.08754097,
5/27/2025 17:40:32,,82.89907,9.617357,104.8618,0.02109489,0.013831511,7.4310637,-36.425774,246.48262,0.5954394,18.43319,743.192,0.29805955,0.41616672,0,77,990.8418,22.21,41.26860555,-74.08754234,
5/27/2025 17:40:34,,82.89848,9.617255,104.86086,0.021139313,0.013913565,7.4313745,-36.443504,246.37486,0.5963452,18.433237,743.1915,0.29801342,0.4161414,0,77,990.8411,22.21,41.26860807,-74.08754145,
5/27/2025 17:40:36,,82.897896,9.617154,104.859924,0.021183733,0.01399562,7.4316854,-36.461235,246.2671,0.597251,18.433283,743.19104,0.29796726,0.41611606,0,77,990.84045,22.21,41.26860494,-74.08754031,
5/27/2025 17:40:38,,82.9024,9.61567,104.820175,0.016994586,0.012495895,7.43545,-36.6745,245.10707,0.5982347,18.42314,743.20374,0.29066268,0.4108871,0,77,990.8573,22.21,41.26860177,-74.08754059,
5/27/2025 17:40:40,,82.90182,9.615561,104.818214,0.016874213,0.012490944,7.4356766,-36.687355,245.03319,0.5987754,18.422802,743.204,0.29037115,0.41067937,0,77,990.85767,22.21,41.26860357,-74.08754603,
5/27/2025 17:40:42,,82.90124,9.615451,104.81625,0.01675384,0.012485993,7.4359026,-36.700214,244.9593,0.59931606,18.422464,743.2043,0.29007962,0.41047168,0,77,990.85803,22.21,41.26860802,-74.08754939,
5/27/2025 17:40:44,,82.90066,9.615341,104.8143,0.016633464,0.012481042,7.436129,-36.713074,244.88542,0.59985673,18.422127,743.2045,0.2897881,0.41026396,0,77,990.8584,22.21,41.26860866,-74.08754442,
5/27/2025 17:40:46,,82.89218,9.616694,104.82855,0.02184786,0.012959831,7.434403,-36.6148,243.8493,0.6067725,18.422752,743.2175,0.27318728,0.39844579,0,77,990.8758,22.218456,41.26861088,-74.08754282,
5/27/2025 17:40:48,,82.89192,9.616724,104.8285,0.021988995,0.012956163,7.4343953,-36.61434,243.79,0.6070639,18.422623,743.21826,0.27242357,0.39790174,0,77,990.8768,22.218788,41.26860904,-74.08754583,
5/27/2025 17:40:50,,82.89166,9.616755,104.82845,0.02213013,0.012952494,7.4343877,-36.613888,243.7307,0.6073553,18.422493,743.21893,0.27165985,0.3973577,0,77,990.8777,22.21912,41.26860408,-74.08754236,
5/27/2025 17:40:52,,82.891396,9.616784,104.8284,0.022271264,0.012948827,7.43438,-36.61343,243.67139,0.6076467,18.422363,743.21967,0.27089614,0.39681363,0,77,990.8786,22.219452,41.2686132,-74.08753419,
5/27/2025 17:40:54,,82.891136,9.616814,104.82835,0.022412399,0.012945158,7.434372,-36.612972,243.61208,0.6079381,18.422234,743.22034,0.27013242,0.3962696,0,77,990.8796,22.219784,41.2686132,-74.08753419,
5/27/2025 17:40:56,,82.90056,9.605947,104.726265,0.01929152,0.013361552,7.433302,-36.552814,242.69342,0.5831823,18.428993,743.20715,0.5121257,0.5662306,0,77,990.86194,22.219711,41.2686132,-74.08753419,
5/27/2025 17:40:58,,82.90076,9.605565,104.7227,0.019264262,0.013385295,7.4332337,-36.548985,242.64098,0.5823852,18.429253,743.2069,0.520833,0.57234335,0,77,990.8616,22.219854,41.26861094,-74.08753298,
5/27/2025 17:41:0,,82.900955,9.605184,104.71914,0.019237002,0.013409038,7.433166,-36.545155,242.58853,0.5815881,18.429512,743.20667,0.52954036,0.5784561,0,77,990.8612,22.219995,41.26861363,-74.08753112,
5/27/2025 17:41:2,,82.90115,9.604802,104.715576,0.019209744,0.01343278,7.4330983,-36.541325,242.53609,0.580791,18.429773,743.20636,0.5382477,0.5845689,0,77,990.86084,22.220139,41.26861024,-74.0875339,
5/27/2025 17:41:4,,82.5338,9.553735,104.01266,0.008633849,0.013968723,7.4257913,-36.116337,242.69371,0.62695616,18.36097,743.206,1.3697919,1.1700325,0,77,990.86035,22.22,41.26861228,-74.08753092,
5/27/2025 17:41:6,,82.51973,9.551593,103.9839,0.008179622,0.013995911,7.425492,-36.09895,242.68448,0.6283634,18.358412,743.2058,1.4056759,1.1952908,0,77,990.8601,22.22,41.2686121,-74.08753458,
5/27/2025 17:41:8,,82.50567,9.549451,103.95515,0.007725393,0.014023099,7.4251924,-36.081566,242.67525,0.6297706,18.355854,743.2056,1.44156,1.220549,0,77,990.8598,22.22,41.2686066,-74.08753517,
5/27/2025 17:41:10,,82.49161,9.547309,103.926384,0.007271166,0.014050287,7.424893,-36.06418,242.66603,0.6311778,18.353298,743.2054,1.477444,1.2458072,0,77,990.85956,22.22,41.26860665,-74.08753516,
5/27/2025 17:41:12,,82.55126,9.56798,103.8623,0.004986829,0.014963272,7.4425135,-37.05077,241.43549,0.6180338,18.216948,743.19916,1.4711378,1.2416086,0,77,990.85126,22.22835,41.26860725,-74.08753605,
5/27/2025 17:41:14,,82.547455,9.567914,103.84833,0.004728355,0.015006497,7.4430532,-37.080727,241.39159,0.61829996,18.210707,743.199,1.4846003,1.2510961,0,77,990.85095,22.228662,41.26860725,-74.08753605,
5/27/2025 17:41:16,,82.54365,9.567848,103.83436,0.004469881,0.015049721,7.443593,-37.110683,241.34767,0.61856604,18.204464,743.1987,1.4980628,1.2605836,0,77,990.85065,22.228975,41.26860725,-74.08753605,
5/27/2025 17:41:18,,82.53984,9.567782,103.82039,0.004211408,0.015092946,7.4441323,-37.14064,241.30376,0.6188322,18.198223,743.1985,1.5115253,1.2700711,0,77,990.85034,22.22929,41.26860764,-74.08753729,
5/27/2025 17:41:20,,82.536026,9.567717,103.80641,0.003952934,0.01513617,7.444672,-37.170597,241.25986,0.61909825,18.19198,743.19824,1.5249878,1.2795587,0,77,990.85004,22.229603,41.26860764,-74.08753729,
5/27/2025 17:41:22,,82.52748,9.544889,103.39238,0.000631158,0.015043564,7.452423,-37.601788,240.14235,0.5783135,18.113125,743.1917,1.5073476,1.2670547,0,77,990.8414,22.229677,41.26860653,-74.08753604,
5/27/2025 17:41:24,,82.52782,9.544308,103.37511,0.000460811,0.015054859,7.4529886,-37.633335,240.08058,0.576591,18.107935,743.1914,1.5072385,1.2669784,0,77,990.8409,22.229813,41.2686072,-74.08753703,
5/27/2025 17:41:26,,82.52815,9.543726,103.357834,0.000290464,0.015066155,7.453554,-37.664883,240.01881,0.5748685,18.102747,743.19104,1.5071293,1.2669021,0,77,990.84045,22.229946,41.26860948,-74.08753664,
5/27/2025 17:41:28,,82.52849,9.543144,103.34056,0.000120117,0.01507745,7.4541197,-37.69643,239.95705,0.573146,18.097559,743.1907,1.5070202,1.2668258,0,77,990.83997,22.23008,41.26860648,-74.08753317,
5/27/2025 17:41:30,,82.63705,9.573614,103.6512,0.003427316,0.016628113,7.4561386,-37.810017,239.61208,0.63086045,18.087223,743.1715,1.4883994,1.2537943,0,77,990.81433,22.23,41.26860788,-74.08753423,
5/27/2025 17:41:32,,82.64092,9.574391,103.65606,0.003495273,0.016686007,7.456342,-37.821392,239.58064,0.63240945,18.085499,743.17065,1.4876903,1.2532969,0,77,990.81323,22.23,41.26861168,-74.08753853,
5/27/2025 17:41:34,,82.6448,9.575169,103.66092,0.00356323,0.0167439,7.456546,-37.832764,239.5492,0.6339585,18.083776,743.1698,1.4869813,1.2527994,0,77,990.8121,22.23,41.26861339,-74.0875367,
5/27/2025 17:41:36,,82.64868,9.575946,103.66579,0.003631187,0.016801795,7.4567494,-37.844135,239.51776,0.6355076,18.082052,743.169,1.4862722,1.2523018,0,77,990.811,22.23,41.26861584,-74.08754103,
5/27/2025 17:41:38,,82.622284,9.587623,103.749,0.004205083,0.015173128,7.4628043,-38.186584,238.37134,0.6476001,18.065155,743.22,1.5161097,1.2732663,0,77,990.87897,22.238518,41.26861577,-74.08753648,
5/27/2025 17:41:40,,82.62297,9.588555,103.75699,0.004278051,0.01513397,7.4630785,-38.202087,238.3204,0.6489672,18.06428,743.2216,1.5169826,1.2738805,0,77,990.88116,22.238852,41.26861727,-74.08752852,
5/27/2025 17:41:42,,82.62365,9.589487,103.76498,0.00435102,0.015094811,7.4633527,-38.217594,238.26949,0.6503343,18.063404,743.2233,1.5178554,1.2744945,0,77,990.8834,22.239185,41.26861827,-74.08752889,
5/27/2025 17:41:44,,82.62434,9.590419,103.772964,0.004423989,0.015055653,7.4636273,-38.2331,238.21855,0.6517014,18.062529,743.22504,1.5187281,1.2751086,0,77,990.8857,22.239517,41.26861741,-74.08752988,
5/27/2025 17:41:46,,82.11231,9.470163,102.360504,0.009161486,0.015450384,7.4707346,-38.63034,237.6123,0.6459503,18.007442,743.1941,2.7024608,2.1080644,0,77,990.8445,22.231186,41.26861656,-74.08753219,
5/27/2025 17:41:48,,82.09178,9.46563,102.30636,0.009356275,0.015439329,7.4711137,-38.651592,237.56961,0.64591634,18.004992,743.1937,2.7494123,2.141102,0,77,990.844,22.230999,41.26861659,-74.08753214,
5/27/2025 17:41:50,,82.07126,9.461097,102.252205,0.009551064,0.015428273,7.471493,-38.672848,237.5269,0.64588237,18.002539,743.1933,2.7963638,2.1741397,0,77,990.8435,22.23081,41.26861659,-74.08753214,
5/27/2025 17:41:52,,82.05073,9.456563,102.19805,0.009745852,0.015417217,7.471872,-38.694103,237.48419,0.6458484,18.000088,743.19293,2.8433151,2.2071774,0,77,990.84296,22.230623,41.26861374,-74.08753016,
5/27/2025 17:41:54,,82.0302,9.45203,102.1439,0.009940641,0.015406163,7.472251,-38.71536,237.4415,0.6458144,17.997635,743.19257,2.8902667,2.2402153,0,77,990.84247,22.230434,41.26861718,-74.08753085,
5/27/2025 17:41:56,,81.98977,9.526175,101.93153,0.001929678,0.016090164,7.460274,-37.971474,238.26201,0.5978084,17.519695,743.21106,2.8693652,2.2256978,0,77,990.86707,22.238937,41.26861652,-74.08753068,
5/27/2025 17:41:58,,81.97953,9.526947,101.899574,0.001707686,0.01612186,7.459946,-37.950306,238.28198,0.595907,17.50066,743.21124,2.888709,2.2393167,0,77,990.8674,22.239122,41.26861642,-74.08753089,
5/27/2025 17:42:0,,81.96929,9.5277195,101.867615,0.001485695,0.01615356,7.4596176,-37.929142,238.30196,0.5940056,17.481625,743.2114,2.908053,2.2529356,0,77,990.8676,22.239307,41.26861796,-74.08752756,
5/27/2025 17:42:2,,81.95905,9.528492,101.835655,0.001263704,0.016185256,7.4592896,-37.907974,238.32191,0.59210414,17.46259,743.2117,2.9273968,2.2665544,0,77,990.8679,22.239494,41.26861796,-74.08752755,
5/27/2025 17:42:4,,82.15364,9.547316,101.84259,0.000448661,0.015139108,7.475672,-38.82608,237.24147,0.62553746,17.369963,743.19946,2.9042008,2.2500906,0,77,990.8516,22.239653,41.2686144,-74.08752611,
5/27/2025 17:42:6,,82.15993,9.549139,101.83846,0.000292258,0.015110565,7.476101,-38.848953,237.21332,0.6260182,17.358725,743.1993,2.9038348,2.249831,0,77,990.8514,22.239794,41.26861529,-74.08752434,
5/27/2025 17:42:8,,82.166214,9.550962,101.83433,0.000135855,0.015082022,7.47653,-38.871826,237.18515,0.626499,17.347486,743.1991,2.903469,2.2495713,0,77,990.8512,22.239933,41.26861711,-74.08752469,
5/27/2025 17:42:10,,82.1725,9.552785,101.83019,0,0.01505348,7.476959,-38.894703,237.15698,0.6269797,17.336248,743.199,2.903103,2.2493117,0,77,990.85095,22.240074,41.26861442,-74.08753133,
5/27/2025 17:42:12,,82.226425,9.555907,101.768814,3.41E-05,0.012717047,7.4815907,-39.151665,236.5787,0.57857007,17.291521,743.19855,2.9452565,2.2791233,0,77,990.8504,22.24,41.26861379,-74.08752342,
5/27/2025 17:42:14,,82.23136,9.556309,101.76611,2.25E-05,0.012610558,7.482021,-39.17563,236.53973,0.57718825,17.288202,743.19836,2.9468372,2.2802393,0,77,990.85016,22.24,41.26861437,-74.08752193,
5/27/2025 17:42:16,,82.236305,9.55671,101.763405,1.10E-05,0.012504067,7.4824505,-39.199593,236.50076,0.5758065,17.284885,743.1981,2.9484177,2.2813554,0,77,990.84985,22.24,41.26861429,-74.08753173,
5/27/2025 17:42:18,,82.24124,9.557112,101.760704,0,0.012397578,7.48288,-39.223557,236.4618,0.5744247,17.281569,743.19794,2.9499984,2.2824714,0,77,990.8496,22.24,41.2686142,-74.08753216,
5/27/2025 17:42:20,,82.246185,9.557513,101.757996,0,0.012291088,7.48331,-39.24752,236.42284,0.5730429,17.27825,743.1977,2.951579,2.2835872,0,77,990.8493,22.24,41.26861882,-74.08752721,
5/27/2025 17:42:22,,82.22664,9.564663,101.72458,0.003157213,0.014158136,7.4724674,-38.625328,235.10056,0.60074884,17.228277,743.22394,2.9213037,2.2622762,0,77,990.8843,22.24,41.2686188,-74.08752727,
5/27/2025 17:42:24,,82.22687,9.565,101.72226,0.00327566,0.014188714,7.4721417,-38.60649,235.041,0.60097927,17.225554,743.2249,2.9208724,2.261975,0,77,990.88556,22.24,41.2686188,-74.08752727,
5/27/2025 17:42:26,,82.2271,9.565336,101.71994,0.003394107,0.014219292,7.4718165,-38.587654,234.98145,0.60120976,17.22283,743.2259,2.9204412,2.2616737,0,77,990.88684,22.24,41.2686188,-74.08752727,
5/27/2025 17:42:28,,82.22732,9.565673,101.71762,0.003512554,0.014249871,7.471491,-38.568817,234.9219,0.60144025,17.220106,743.22687,2.9200099,2.2613723,0,77,990.8881,22.24,41.2686188,-74.08752727,
5/27/2025 17:42:30,,82.288734,9.572699,101.71815,0.005679512,0.012471594,7.4781103,-38.939564,233.96815,0.6269515,17.183004,743.19464,2.93089,2.2691355,0,77,990.8452,22.248642,41.2686188,-74.08752727,
5/27/2025 17:42:32,,82.2909,9.5730915,101.7176,0.005813517,0.012430137,7.478204,-38.944553,233.90958,0.6283559,17.18072,743.1938,2.9308622,2.26912,0,77,990.8441,22.248978,41.2686188,-74.08752727,
5/27/2025 17:42:34,,82.29306,9.573483,101.71704,0.005947521,0.01238868,7.478297,-38.949547,233.851,0.62976027,17.178432,743.19293,2.9308345,2.2691045,0,77,990.84296,22.249313,41.2686188,-74.08752727,
5/27/2025 17:42:36,,82.29522,9.573876,101.71649,0.006081526,0.012347223,7.4783907,-38.95454,233.79242,0.6311646,17.176147,743.1921,2.9308066,2.2690892,0,77,990.84186,22.24965,41.2686188,-74.08752727,
5/27/2025 17:42:38,,82.40788,9.5579815,101.43621,0.000806876,0.012207594,7.475413,-38.77879,233.91069,0.58643925,17.125525,743.2238,4.138552,3.1190734,0,77,990.8841,22.249672,41.2686188,-74.08752727,
5/27/2025 17:42:40,,82.413284,9.557484,101.42531,0.000638828,0.012172711,7.4754047,-38.777977,233.89896,0.5851201,17.122917,743.22455,4.185639,3.1522138,0,77,990.8851,22.249817,41.2686188,-74.08752727,
5/27/2025 17:42:42,,82.418686,9.556986,101.414406,0.00047078,0.012137828,7.4753966,-38.77716,233.88722,0.583801,17.12031,743.2252,4.232726,3.1853542,0,77,990.886,22.24996,41.2686188,-74.08752727,
5/27/2025 17:42:44,,82.42408,9.556488,101.4035,0.000302732,0.012102947,7.4753885,-38.77635,233.87549,0.5824818,17.117702,743.22595,4.279813,3.218495,0,77,990.8869,22.250105,41.2686188,-74.08752727,
5/27/2025 17:42:46,,82.197975,9.569583,101.091576,0.012017941,0.011135352,7.4622674,-38.003963,235.04146,0.5773719,16.903496,743.2077,4.2899904,3.2256348,0,77,990.8626,22.25,41.2686188,-74.08752727,
5/27/2025 17:42:48,,82.19121,9.569827,101.07508,0.012380315,0.011095705,7.461719,-37.97165,235.08727,0.5764601,16.894466,743.2075,4.310144,3.2398171,0,77,990.86237,22.25,41.2686188,-74.08752727,
5/27/2025 17:42:50,,82.18444,9.570071,101.05858,0.012742689,0.011056056,7.46117,-37.93933,235.13307,0.5755484,16.885435,743.20734,4.330297,3.2539997,0,77,990.8621,22.25,41.2686188,-74.08752727,
5/27/2025 17:42:52,,82.17767,9.570315,101.042076,0.013105063,0.011016408,7.4606214,-37.907017,235.17888,0.57463664,16.876404,743.20715,4.35045,3.2681823,0,77,990.8619,22.25,41.2686188,-74.08752727,
5/27/2025 17:42:54,,82.17091,9.5705595,101.02557,0.013467437,0.01097676,7.4600725,-37.874702,235.22469,0.57372487,16.867374,743.207,4.370603,3.2823648,0,77,990.86163,22.25,41.26861537,-74.08753022,
5/27/2025 17:42:56,,82.24171,9.59039,101.12657,0.009658452,0.01612019,7.472576,-38.576527,234.43138,0.9150599,16.81506,743.1867,4.329421,3.2533252,0,77,990.83466,22.241346,41.26861537,-74.08753022,
5/27/2025 17:42:58,,82.24082,9.591346,101.12517,0.009700232,0.01629943,7.472838,-38.59063,234.42001,0.92791456,16.809565,743.18567,4.3288484,3.25292,0,77,990.83325,22.241016,41.26861565,-74.08752821,
5/27/2025 17:43:0,,82.239944,9.592301,101.123764,0.009742012,0.016478669,7.4730997,-38.604733,234.40865,0.94076926,16.80407,743.18463,4.328276,3.2525144,0,77,990.8319,22.240688,41.26861519,-74.08752458,
5/27/2025 17:43:2,,82.23906,9.593257,101.12236,0.009783792,0.016657908,7.4733615,-38.61883,234.39726,0.9536239,16.798573,743.1836,4.3277035,3.252109,0,77,990.8305,22.24036,41.26861716,-74.08752804,
5/27/2025 17:43:4,,82.31396,9.587424,100.97131,0.004548801,0.013427516,7.48871,-39.483337,233.55637,0.6260758,16.759237,743.22864,4.315578,3.2435865,0,77,990.89056,22.257446,41.26861725,-74.0875301,
5/27/2025 17:43:6,,82.31792,9.587522,100.96695,0.004289723,0.013386518,7.489493,-39.527393,233.51186,0.6190355,16.756788,743.23004,4.314861,3.2430813,0,77,990.89246,22.25796,41.26861615,-74.08753236,
5/27/2025 17:43:8,,82.32188,9.587618,100.962585,0.004030645,0.01334552,7.4902763,-39.571445,233.46735,0.6119952,16.75434,743.23145,4.314144,3.2425764,0,77,990.8943,22.258474,41.26861615,-74.08753236,
5/27/2025 17:43:10,,82.325836,9.587715,100.95822,0.003771567,0.013304522,7.4910593,-39.6155,233.42284,0.6049549,16.75189,743.23285,4.313427,3.2420712,0,77,990.8962,22.25899,41.26861389,-74.08753245,
5/27/2025 17:43:12,,82.35839,9.59396,100.949135,0.009953535,0.010090993,7.492575,-39.696266,233.32712,0.60298514,16.71452,743.2015,4.3348484,3.2571003,0,77,990.8544,22.242174,41.26861417,-74.08752826,
5/27/2025 17:43:14,,82.36085,9.594123,100.94635,0.010115227,0.009914405,7.4928813,-39.713318,233.30989,0.5978228,16.712358,743.2009,4.3354964,3.2575545,0,77,990.85364,22.241777,41.26861647,-74.08753395,
5/27/2025 17:43:16,,82.36331,9.594287,100.943565,0.010276919,0.009737817,7.4931874,-39.73037,233.29266,0.5926604,16.710197,743.20044,4.336144,3.2580087,0,77,990.8529,22.241383,41.26861846,-74.08752815,
5/27/2025 17:43:18,,82.36577,9.59445,100.94079,0.010438611,0.009561228,7.4934936,-39.747417,233.27544,0.58749807,16.708035,743.1999,4.336792,3.258463,0,77,990.85223,22.240986,41.26861497,-74.08752637,
5/27/2025 17:43:20,,82.41977,9.588052,100.819466,0.001396299,0.011767026,7.4782734,-38.8816,234.04002,0.5813509,16.682064,743.193,4.329478,3.2533116,0,77,990.8431,22.249186,41.2686108,-74.08752945,
5/27/2025 17:43:22,,82.422455,9.587907,100.81455,0.001142992,0.011800696,7.477705,-38.849174,234.0682,0.58110213,16.68041,743.1922,4.329543,3.2533567,0,77,990.842,22.24923,41.26861076,-74.08753163,
5/27/2025 17:43:24,,82.42513,9.587763,100.80964,0.000889684,0.011834367,7.4771366,-38.81675,234.0964,0.58085334,16.678755,743.1914,4.3296084,3.2534018,0,77,990.84094,22.249271,41.26861154,-74.08752985,
5/27/2025 17:43:26,,82.42782,9.587618,100.804726,0.000636377,0.011868038,7.476568,-38.78433,234.12459,0.58060455,16.6771,743.1906,4.329674,3.2534466,0,77,990.8399,22.249313,41.26861789,-74.08753656,
5/27/2025 17:43:28,,82.4305,9.587474,100.79981,0.000383069,0.011901709,7.476,-38.751904,234.15277,0.58035576,16.675444,743.1898,4.329739,3.2534916,0,77,990.83887,22.249355,41.26861973,-74.08753115,
5/27/2025 17:43:30,,82.494804,9.6037655,100.9191,0.000298252,0.014661086,7.480144,-38.98357,233.96768,0.594915,16.652328,743.21014,5.666763,4.194417,0,77,990.8659,22.249723,41.26861889,-74.08752528,
5/27/2025 17:43:32,,82.49817,9.604272,100.92147,0.000144692,0.014799228,7.480042,-38.97761,233.97365,0.5953147,16.65098,743.2108,5.716759,4.229602,0,77,990.86676,22.249866,41.26861363,-74.0875323,
5/27/2025 17:43:34,,82.50154,9.604777,100.923836,0,0.01493737,7.47994,-38.97165,233.97961,0.59571445,16.649632,743.2114,5.7667556,4.2647862,0,77,990.86755,22.250008,41.26861295,-74.08753071,
5/27/2025 17:43:36,,82.50491,9.605283,100.9262,0,0.015075513,7.479838,-38.96569,233.98557,0.59611416,16.648285,743.21204,5.816752,4.2999706,0,77,990.8684,22.25015,41.26861613,-74.08753135,
5/27/2025 17:43:38,,82.28413,9.570114,100.367676,0.006315799,0.015507934,7.444375,-36.945362,235.57762,0.60357374,16.557535,743.19293,5.745434,4.249659,0,77,990.84296,22.25,41.26861613,-74.08753135,
5/27/2025 17:43:40,,82.276726,9.56902,100.34804,0.006558134,0.015568725,7.443068,-36.870846,235.63635,0.60408556,16.553652,743.1925,5.7638607,4.2626224,0,77,990.84235,22.25,41.26861613,-74.08753135,
5/27/2025 17:43:42,,82.26933,9.567926,100.32839,0.00680047,0.015629517,7.4417615,-36.79633,235.69508,0.6045974,16.549767,743.1921,5.7822876,4.2755857,0,77,990.8418,22.25,41.26861613,-74.08753135,
5/27/2025 17:43:44,,82.26193,9.566832,100.30875,0.007042806,0.015690308,7.4404545,-36.72181,235.75381,0.6051092,16.545883,743.19165,5.8007145,4.288549,0,77,990.84125,22.25,41.2686126,-74.08752932,
5/27/2025 17:43:46,,82.31544,9.573428,100.29471,0.006694318,0.013305907,7.4641476,-38.05837,234.76572,0.5961615,16.507269,743.2039,5.782983,4.276253,0,77,990.85754,22.25,41.26861202,-74.08753087,
5/27/2025 17:43:48,,82.31386,9.573103,100.285065,0.006784427,0.01322554,7.464448,-38.074997,234.75507,0.59595144,16.504333,743.20404,5.7815323,4.2752376,0,77,990.8577,22.25,41.26860963,-74.08752935,
5/27/2025 17:43:50,,82.31229,9.572777,100.27542,0.006874536,0.013145172,7.464749,-38.09162,234.74442,0.59574145,16.5014,743.2042,5.7800817,4.2742214,0,77,990.8579,22.25,41.26860923,-74.0875303,
5/27/2025 17:43:52,,82.31071,9.572452,100.26578,0.006964644,0.013064805,7.4650493,-38.10825,234.73376,0.5955314,16.498466,743.20435,5.7786317,4.2732058,0,77,990.85815,22.25,41.26860923,-74.0875303,
5/27/2025 17:43:54,,82.30913,9.572126,100.25614,0.007054753,0.012984438,7.4653497,-38.124878,234.7231,0.5953214,16.495531,743.20447,5.777181,4.2721896,0,77,990.85834,22.25,41.26861121,-74.08753443,
5/27/2025 17:43:56,,82.407745,9.567531,100.1985,0.00090258,0.014552564,7.4729757,-38.555923,234.48766,0.56882197,16.49021,743.19196,5.788761,4.2801266,0,77,990.8417,22.25,41.26861121,-74.08753443,
5/27/2025 17:43:58,,82.4122,9.567433,100.19568,0.000666401,0.014576288,7.47361,-38.591717,234.46445,0.5676764,16.489334,743.19165,5.789082,4.280347,0,77,990.84125,22.25,41.26861121,-74.08753443,
5/27/2025 17:44:0,,82.41666,9.567336,100.192856,0.000430222,0.014600012,7.474244,-38.62751,234.44124,0.5665309,16.488459,743.19135,5.7894034,4.2805676,0,77,990.8409,22.25,41.26860992,-74.08753258,
5/27/2025 17:44:2,,82.421104,9.567239,100.19003,0.000194043,0.014623735,7.4748783,-38.6633,234.41805,0.5653853,16.487583,743.19104,5.7897243,4.280788,0,77,990.84045,22.25,41.26860597,-74.08753576,
5/27/2025 17:44:4,,82.3892,9.568609,100.17891,0.000204734,0.014611906,7.478873,-38.888054,234.38719,0.5930197,16.4772,743.2168,5.7926235,4.282987,0,77,990.8748,22.25,41.26860457,-74.08753656,
5/27/2025 17:44:6,,82.38953,9.568576,100.17734,0.00010604,0.014636907,7.4791446,-38.903374,234.38246,0.59364754,16.476675,743.2176,5.7928977,4.2831826,0,77,990.87585,22.25,41.26860457,-74.08753656,
5/27/2025 17:44:8,,82.389854,9.5685425,100.175766,7.35E-06,0.014661907,7.4794164,-38.918694,234.37775,0.59427536,16.476149,743.2184,5.793172,4.2833776,0,77,990.8769,22.25,41.26860834,-74.08753068,
5/27/2025 17:44:10,,82.39019,9.568509,100.1742,0,0.014686907,7.479688,-38.934013,234.37303,0.5949032,16.475622,743.2192,5.793446,4.283573,0,77,990.878,22.25,41.26860834,-74.08753068,
5/27/2025 17:44:12,,82.41847,9.558859,100.045746,0,0.013699681,7.480139,-38.9577,234.17642,0.5520511,16.46219,743.2131,5.7782655,4.272904,0,77,990.8698,22.25,41.26860881,-74.08753047,
5/27/2025 17:44:14,,82.419106,9.558508,100.04057,0,0.013662043,7.4802294,-38.962734,234.16806,0.5508351,16.461493,743.21326,5.7777333,4.2725325,0,77,990.87006,22.25,41.26860774,-74.08752723,
5/27/2025 17:44:16,,82.41974,9.558156,100.0354,0,0.013624406,7.48032,-38.967766,234.15971,0.549619,16.460794,743.21344,5.7772017,4.272161,0,77,990.8703,22.25,41.26860907,-74.0875262,
5/27/2025 17:44:18,,82.42037,9.557805,100.03023,0,0.013586769,7.4804106,-38.9728,234.15135,0.54840297,16.460098,743.2136,5.7766695,4.27179,0,77,990.87054,22.25,41.26860792,-74.0875252,
5/27/2025 17:44:20,,82.248055,9.531253,99.54413,0.007282202,0.014812981,7.453387,-37.43016,235.86324,0.5510868,16.360168,743.20056,6.955644,5.101512,0,77,990.8531,22.258457,41.26860835,-74.08752709,
5/27/2025 17:44:22,,82.2418,9.530062,99.523094,0.007566219,0.01484536,7.452343,-37.37055,235.92679,0.55050784,16.35605,743.19995,7.001386,5.1337037,0,77,990.8523,22.258787,41.26860939,-74.08752829,
5/27/2025 17:44:24,,82.23554,9.528871,99.50205,0.007850236,0.014877738,7.451299,-37.310936,235.99034,0.5499289,16.351933,743.19934,7.047128,5.1658955,0,77,990.8515,22.259117,41.26860912,-74.08753435,
5/27/2025 17:44:26,,82.22929,9.527679,99.48102,0.008134253,0.014910118,7.450256,-37.251324,236.05391,0.54934996,16.347815,743.1987,7.09287,5.1980877,0,77,990.85065,22.259447,41.26860959,-74.08753283,
5/27/2025 17:44:28,,82.22303,9.526488,99.45998,0.008418271,0.014942496,7.449212,-37.191715,236.11746,0.5487711,16.343697,743.1981,7.1386123,5.2302794,0,77,990.84985,22.259777,41.26861078,-74.08752949,
5/27/2025 17:44:30,,82.31157,9.520601,99.35131,0.000898282,0.020184696,7.455191,-37.52725,235.73492,0.606506,16.322104,743.2114,7.1349325,5.227655,0,77,990.8676,22.259727,41.26860997,-74.08753181,
5/27/2025 17:44:32,,82.312004,9.519923,99.3389,0.000738059,0.020402534,7.45496,-37.513832,235.74936,0.6087068,16.319588,743.21173,7.1547523,5.241602,0,77,990.868,22.259869,41.2686136,-74.08752901,
5/27/2025 17:44:34,,82.31244,9.519246,99.326485,0.000577836,0.020620374,7.4547286,-37.50042,235.76381,0.6109076,16.31707,743.212,7.1745725,5.2555494,0,77,990.86835,22.26001,41.26861153,-74.08752627,
5/27/2025 17:44:36,,82.312874,9.518569,99.31408,0.000417613,0.020838212,7.4544973,-37.487003,235.77824,0.6131084,16.314554,743.2123,7.194392,5.2694964,0,77,990.8687,22.26015,41.26860916,-74.08752947,
5/27/2025 17:44:38,,82.32372,9.498481,99.076,0.004211866,0.0168,7.4616656,-37.89077,235.16505,0.5722951,16.300528,743.20605,7.1766586,5.2570753,0,77,990.8604,22.251352,41.26860916,-74.08752947,
5/27/2025 17:44:40,,82.32543,9.497588,99.06465,0.004243219,0.016729038,7.462017,-37.91052,235.13657,0.5716354,16.299559,743.206,7.176833,5.2572002,0,77,990.86035,22.251019,41.26861281,-74.08752617,
5/27/2025 17:44:42,,82.32715,9.4966955,99.05331,0.004274572,0.016658079,7.462368,-37.93027,235.10806,0.5709757,16.298588,743.206,7.1770077,5.2573247,0,77,990.8603,22.250687,41.26861367,-74.08752522,
5/27/2025 17:44:44,,82.32886,9.495803,99.04196,0.004305925,0.01658712,7.4627194,-37.95002,235.07956,0.570316,16.297619,743.20593,7.177182,5.257449,0,77,990.8603,22.250353,41.26861326,-74.08752623,
5/27/2025 17:44:46,,82.34897,9.489221,98.92585,0.001190486,0.018051598,7.473477,-38.555702,234.5834,0.557118,16.275724,743.21844,7.1789713,5.258592,0,77,990.87695,22.258814,41.26860866,-74.08752642,
5/27/2025 17:44:48,,82.34989,9.488629,98.917336,0.001133864,0.018043168,7.473997,-38.584995,234.55482,0.55597144,16.274624,743.2188,7.1790953,5.2586756,0,77,990.8775,22.258991,41.26860937,-74.08753151,
5/27/2025 17:44:50,,82.35082,9.488038,98.90881,0.001077242,0.018034738,7.4745173,-38.61429,234.52626,0.5548249,16.273525,743.2192,7.179219,5.2587595,0,77,990.878,22.25917,41.26861192,-74.08753189,
5/27/2025 17:44:52,,82.35175,9.487447,98.9003,0.00102062,0.01802631,7.4750376,-38.64358,234.4977,0.55367833,16.272425,743.21954,7.1793427,5.258843,0,77,990.8785,22.259348,41.26860768,-74.08753064,
5/27/2025 17:44:54,,82.352684,9.4868555,98.89178,0.000963998,0.018017879,7.475558,-38.67287,234.46912,0.5525318,16.271324,743.2199,7.1794662,5.2589264,0,77,990.87897,22.259525,41.26860949,-74.08752901,
5/27/2025 17:44:56,,82.40504,9.482045,98.82999,0.00556474,0.01698982,7.4798307,-38.913788,234.355,0.5821409,16.265394,743.2135,7.232591,5.2964635,0,77,990.87036,22.259739,41.26860863,-74.08752825,
5/27/2025 17:44:58,,82.40738,9.481734,98.825485,0.005690665,0.016971884,7.4801755,-38.93322,234.34195,0.58302075,16.264793,743.2135,7.234638,5.297908,0,77,990.8703,22.259876,41.26861291,-74.08752426,
5/27/2025 17:45:0,,82.40971,9.481423,98.820984,0.00581659,0.016953949,7.4805202,-38.952656,234.32889,0.5839006,16.26419,743.21344,7.2366853,5.299352,0,77,990.87024,22.260014,41.26861412,-74.08753654,
5/27/2025 17:45:2,,82.412056,9.4811125,98.81649,0.005942515,0.016936012,7.4808655,-38.972088,234.31584,0.5847804,16.26359,743.2134,7.238732,5.3007965,0,77,990.8702,22.26015,41.2686127,-74.0875433,
5/27/2025 17:45:4,,82.443275,9.478246,98.78222,0.000719356,0.017910695,7.475435,-38.66464,234.4731,0.58564353,16.261864,743.2196,7.187274,5.264507,0,77,990.87854,22.268568,41.26861288,-74.08754022,
5/27/2025 17:45:6,,82.44531,9.478047,98.77974,0.000602333,0.017928932,7.475315,-38.65786,234.47643,0.5861408,16.261679,743.2197,7.1862583,5.2637916,0,77,990.8787,22.268885,41.2686116,-74.08753473,
5/27/2025 17:45:8,,82.44736,9.477848,98.77726,0.00048531,0.017947169,7.475196,-38.651085,234.47974,0.5866381,16.261496,743.21985,7.185242,5.263076,0,77,990.8789,22.2692,41.26861089,-74.08753514,
5/27/2025 17:45:10,,82.449394,9.477649,98.77478,0.000368288,0.017965404,7.4750767,-38.644306,234.48306,0.5871354,16.26131,743.22,7.1842265,5.2623606,0,77,990.8791,22.269516,41.26861089,-74.08753514,
5/27/2025 17:45:12,,82.450935,9.470748,98.704124,0.000234681,0.018536223,7.4751606,-38.64907,234.40225,0.6045176,16.261497,743.21387,7.1784086,5.2582645,0,77,990.87085,22.261175,41.26861336,-74.08753153,
5/27/2025 17:45:14,,82.45152,9.470439,98.70086,0.000151808,0.01857229,7.475086,-38.64487,234.40141,0.60520196,16.261467,743.21375,7.1774373,5.25758,0,77,990.87067,22.260992,41.26861371,-74.08753185,
5/27/2025 17:45:16,,82.4521,9.47013,98.69759,6.89E-05,0.018608354,7.4750123,-38.640667,234.40056,0.6058863,16.261438,743.2136,7.1764655,5.256895,0,77,990.8705,22.26081,41.26861557,-74.08753009,
5/27/2025 17:45:18,,82.45269,9.46982,98.69432,0,0.018644419,7.474938,-38.636467,234.3997,0.6065706,16.261408,743.2135,7.175494,5.25621,0,77,990.8703,22.260628,41.26861244,-74.08753943,
5/27/2025 17:45:20,,82.47583,9.479848,98.81007,0.011584983,0.020335624,7.4728107,-38.51697,234.32907,0.59986967,16.267643,743.22595,7.1847267,5.2626953,0,77,990.88696,22.260414,41.26861103,-74.08754018,
5/27/2025 17:45:22,,82.476776,9.480136,98.81352,0.012039973,0.020410394,7.4727297,-38.512432,234.32503,0.5998777,16.267889,743.2264,7.185017,5.2628994,0,77,990.8875,22.260277,41.26861039,-74.08753379,
5/27/2025 17:45:24,,82.477715,9.480423,98.81698,0.012494962,0.020485165,7.472649,-38.50789,234.32098,0.59988576,16.268135,743.22675,7.1853075,5.263103,0,77,990.888,22.260141,41.26861398,-74.08752667,
5/27/2025 17:45:26,,82.47866,9.480711,98.820435,0.01294995,0.020559937,7.472568,-38.50335,234.31693,0.59989387,16.268381,743.2272,7.185598,5.263307,0,77,990.88855,22.260006,41.26861319,-74.08752917,
5/27/2025 17:45:28,,82.4796,9.480999,98.82389,0.013404939,0.020634707,7.4724874,-38.49881,234.31288,0.5999019,16.26863,743.22754,7.185888,5.2635107,0,77,990.8891,22.259869,41.26861269,-74.08752895,
5/27/2025 17:45:30,,82.47245,9.48142,98.81683,0.005176072,0.020684844,7.481288,-38.995823,233.90462,0.57953364,16.262245,743.2146,7.188725,5.2655373,0,77,990.87177,22.268682,41.26861283,-74.08752561,
5/27/2025 17:45:32,,82.47257,9.481604,98.81851,0.005058999,0.02071561,7.481587,-39.01273,233.88785,0.5786472,16.262108,743.2143,7.1889863,5.2657223,0,77,990.8714,22.269012,41.26861089,-74.08753232,
5/27/2025 17:45:34,,82.472694,9.481789,98.82019,0.004941926,0.020746373,7.4818864,-39.029636,233.87108,0.5777608,16.26197,743.214,7.189248,5.2659073,0,77,990.87103,22.269344,41.26860742,-74.08753327,
5/27/2025 17:45:36,,82.47282,9.481974,98.82187,0.004824854,0.020777138,7.4821854,-39.046543,233.85431,0.57687443,16.261833,743.21375,7.18951,5.2660923,0,77,990.8706,22.269674,41.26860736,-74.08753341,
5/27/2025 17:45:38,,82.45567,9.47516,98.733154,0.004033763,0.017625567,7.4886417,-39.41055,233.63322,0.57923204,16.252937,743.20703,8.356593,6.0875998,0,77,990.8617,22.269688,41.26860736,-74.08753341,
5/27/2025 17:45:40,,82.45492,9.47491,98.7297,0.003877831,0.017506527,7.489032,-39.432552,233.61801,0.5789906,16.252497,743.20654,8.401532,6.1192327,0,77,990.8611,22.26983,41.26860736,-74.08753341,
5/27/2025 17:45:42,,82.454155,9.474661,98.726234,0.003721898,0.017387487,7.489422,-39.45456,233.6028,0.5787491,16.252054,743.2061,8.446472,6.150866,0,77,990.8605,22.269972,41.26860433,-74.08753593,
5/27/2025 17:45:44,,82.4534,9.474411,98.72278,0.003565966,0.017268447,7.489812,-39.476562,233.58757,0.5785076,16.251614,743.2056,8.491412,6.1824994,0,77,990.85986,22.270115,41.26860509,-74.08753765,
5/27/2025 17:45:46,,82.46352,9.457625,98.40966,0.01347982,0.020151023,7.4570756,-37.616127,235.23291,0.56666005,16.184908,743.19934,8.544758,6.219901,0,77,990.8515,22.27,41.26861058,-74.08753036,
5/27/2025 17:45:48,,82.46363,9.456871,98.39619,0.013848295,0.020211354,7.455923,-37.550564,235.2925,0.56623024,16.182192,743.199,8.565792,6.2347016,0,77,990.851,22.27,41.26860798,-74.0875349,
5/27/2025 17:45:50,,82.463745,9.456117,98.382706,0.01421677,0.020271685,7.45477,-37.485004,235.35208,0.5658005,16.179476,743.1986,8.586827,6.2495027,0,77,990.8505,22.27,41.26861101,-74.08753865,
5/27/2025 17:45:52,,82.46386,9.455361,98.36923,0.014585245,0.020332016,7.4536176,-37.41944,235.41167,0.5653707,16.17676,743.1983,8.607862,6.264303,0,77,990.85004,22.27,41.26861101,-74.08753865,
5/27/2025 17:45:54,,82.52155,9.424304,98.032005,0.00604799,0.017246677,7.466514,-38.147774,234.42204,0.59944224,16.169163,743.18567,8.565604,6.2346087,0,77,990.83325,22.27,41.26860999,-74.08753761,
5/27/2025 17:45:56,,82.523964,9.422822,98.013824,0.005870882,0.01717142,7.4664993,-38.146744,234.40948,0.60057986,16.167799,743.18506,8.565093,6.234248,0,77,990.83246,22.27,41.26860954,-74.08754003,
5/27/2025 17:45:58,,82.526375,9.42134,97.99564,0.005693774,0.017096164,7.466484,-38.145718,234.39694,0.6017175,16.166435,743.18445,8.564582,6.233888,0,77,990.83167,22.27,41.26860842,-74.0875354,
5/27/2025 17:46:0,,82.52878,9.419859,97.97747,0.005516666,0.017020907,7.4664693,-38.144688,234.3844,0.6028551,16.165071,743.18384,8.564071,6.233528,0,77,990.8309,22.27,41.26860695,-74.08753898,
5/27/2025 17:46:2,,82.53119,9.418377,97.95929,0.005339557,0.016945653,7.4664545,-38.143658,234.37184,0.60399276,16.16371,743.1832,8.56356,6.233168,0,77,990.8301,22.27,41.26860841,-74.08753549,
5/27/2025 17:46:4,,82.50782,9.417837,97.92441,0.004145894,0.02236075,7.473639,-38.54849,233.82219,0.59848505,16.152533,743.2291,8.639534,6.286495,0,77,990.8912,22.278706,41.26860275,-74.08753324,
5/27/2025 17:46:6,,82.5079,9.417286,97.91724,0.003961748,0.02251731,7.474115,-38.57533,233.78532,0.59884036,16.151941,743.23065,8.641928,6.288175,0,77,990.8932,22.27904,41.26860656,-74.08753066,
5/27/2025 17:46:8,,82.50797,9.416735,97.91007,0.003777601,0.022673871,7.474591,-38.60217,233.74847,0.59919566,16.15135,743.2322,8.644321,6.289855,0,77,990.89526,22.279373,41.2686117,-74.08753225,
5/27/2025 17:46:10,,82.50805,9.4161825,97.9029,0.003593455,0.02283043,7.475067,-38.629013,233.71161,0.59955096,16.15076,743.2337,8.646715,6.291535,0,77,990.89734,22.279707,41.26860906,-74.08753487,
5/27/2025 17:46:12,,82.47252,9.401218,97.71829,0.004368511,0.02122924,7.4583745,-37.683247,234.52711,0.59849507,16.136755,743.2338,8.73106,6.351083,0,77,990.89746,22.27969,41.26860618,-74.08752943,
5/27/2025 17:46:14,,82.470825,9.400614,97.71037,0.004375662,0.021256393,7.4578567,-37.653847,234.54893,0.59838325,16.136013,743.2346,8.735515,6.3542223,0,77,990.8985,22.279833,41.26860449,-74.08753158,
5/27/2025 17:46:16,,82.46913,9.40001,97.702446,0.004382813,0.021283548,7.4573383,-37.624447,234.57076,0.59827137,16.13527,743.23535,8.739968,6.357362,0,77,990.8995,22.279976,41.26860056,-74.0875287,
5/27/2025 17:46:18,,82.46744,9.3994055,97.69453,0.004389964,0.021310702,7.45682,-37.595047,234.59256,0.59815955,16.134525,743.2361,8.744423,6.3605013,0,77,990.9005,22.280119,41.26860301,-74.08752848,
5/27/2025 17:46:20,,82.490845,9.386473,97.54507,0.009215105,0.02075245,7.452021,-37.322697,235.01709,0.5931878,16.126745,743.22925,8.620315,6.273018,0,77,990.89136,22.28,41.26860501,-74.08752606,
5/27/2025 17:46:22,,82.49114,9.385742,97.53644,0.009403775,0.020708004,7.4515815,-37.29777,235.04543,0.5929926,16.126223,743.22906,8.617097,6.2707515,0,77,990.89105,22.28,41.26860639,-74.08752565,
5/27/2025 17:46:24,,82.49144,9.385013,97.5278,0.009592447,0.02066356,7.451142,-37.272842,235.07375,0.5927974,16.125698,743.2288,8.613879,6.2684846,0,77,990.89075,22.28,41.26860887,-74.08752643,
5/27/2025 17:46:26,,82.491745,9.384283,97.51917,0.009781117,0.020619115,7.450702,-37.247913,235.10208,0.5926022,16.125175,743.2286,8.6106615,6.266218,0,77,990.89044,22.28,41.2686128,-74.08752773,
5/27/2025 17:46:28,,82.49204,9.383553,97.51054,0.009969788,0.02057467,7.4502625,-37.222984,235.13042,0.592407,16.124653,743.22833,8.607445,6.2639513,0,77,990.89014,22.28,41.26861617,-74.08752859,
5/27/2025 17:46:30,,82.53809,9.378779,97.43511,0.001161028,0.019299388,7.4592466,-37.72938,234.62845,0.48646426,16.112625,743.23474,8.646608,6.2915215,0,77,990.8987,22.28,41.26861191,-74.08752838,
5/27/2025 17:46:32,,82.540184,9.378388,97.4298,0.000899629,0.01924225,7.459506,-37.74399,234.61624,0.48234513,16.112036,743.23486,8.646256,6.291272,0,77,990.89886,22.28,41.26861191,-74.08752838,
5/27/2025 17:46:34,,82.542274,9.377996,97.42449,0.00063823,0.01918511,7.459766,-37.758602,234.60403,0.47822598,16.111446,743.23505,8.645905,6.291023,0,77,990.89905,22.28,41.26860431,-74.0875356,
5/27/2025 17:46:36,,82.544365,9.377605,97.41918,0.000376831,0.019127974,7.460026,-37.773212,234.59183,0.47410682,16.110855,743.23517,8.645553,6.2907734,0,77,990.89923,22.28,41.26860431,-74.0875356,
5/27/2025 17:46:38,,82.49069,9.378985,97.3628,0.006181406,0.019224444,7.4369273,-36.46282,235.6637,0.51177424,16.075802,743.22235,9.758548,7.0740056,0,77,990.8822,22.28,41.26860431,-74.0875356,
5/27/2025 17:46:40,,82.48938,9.378955,97.35934,0.006260924,0.019206809,7.4361835,-36.420563,235.69685,0.5114901,16.074259,743.222,9.80183,7.104464,0,77,990.8817,22.28,41.26860431,-74.0875356,
5/27/2025 17:46:42,,82.48807,9.378923,97.35588,0.006340443,0.019189173,7.4354396,-36.37831,235.73003,0.511206,16.072714,743.22156,9.845112,7.1349225,0,77,990.88116,22.28,41.26860431,-74.0875356,
5/27/2025 17:46:44,,82.486755,9.378892,97.35242,0.006419961,0.019171538,7.4346957,-36.336056,235.76318,0.51092184,16.07117,743.2212,9.888394,7.165381,0,77,990.8807,22.28,41.26860431,-74.0875356,
5/27/2025 17:46:46,,82.47892,9.361859,97.200424,0.010343638,0.023582725,7.453669,-37.41009,234.54799,0.553679,16.081991,743.2017,9.913327,7.1829815,0,77,990.8546,22.28,41.26860431,-74.0875356,
5/27/2025 17:46:48,,82.477776,9.36121,97.193504,0.010587097,0.023756698,7.454047,-37.431442,234.51729,0.5559103,16.081848,743.20074,9.932135,7.196218,0,77,990.85333,22.28,41.26860431,-74.0875356,
5/27/2025 17:46:50,,82.47663,9.360559,97.18658,0.010830557,0.023930673,7.4544253,-37.452793,234.4866,0.55814165,16.081705,743.19977,9.950941,7.2094545,0,77,990.85205,22.28,41.26860431,-74.0875356,
5/27/2025 17:46:52,,82.47549,9.359909,97.17966,0.011074016,0.024104645,7.4548035,-37.474148,234.45592,0.56037295,16.08156,743.1988,9.969748,7.222691,0,77,990.85077,22.28,41.26860431,-74.0875356,
5/27/2025 17:46:54,,82.47434,9.359259,97.17274,0.011317475,0.024278618,7.4551816,-37.4955,234.42522,0.56260425,16.081417,743.1978,9.988554,7.2359276,0,77,990.8495,22.28,41.26860431,-74.0875356,
5/27/2025 17:46:56,,82.47694,9.363952,97.19204,0.002367188,0.027386343,7.457747,-37.639015,234.44333,0.5549718,16.069706,743.2376,9.956408,7.2132964,0,77,990.9025,22.29738,41.26860431,-74.0875356,
5/27/2025 17:46:58,,82.47687,9.363828,97.19005,0.002107779,0.027577693,7.4581566,-37.662148,234.42352,0.55544096,16.069433,743.2388,9.956502,7.213364,0,77,990.90405,22.298023,41.26860431,-74.0875356,
5/27/2025 17:47:0,,82.4768,9.363705,97.18805,0.00184837,0.027769042,7.458566,-37.685276,234.40372,0.55591005,16.06916,743.23987,9.956597,7.2134314,0,77,990.9055,22.298664,41.26860431,-74.0875356,
5/27/2025 17:47:2,,82.47672,9.363581,97.18605,0.001588961,0.027960392,7.4589763,-37.70841,234.38391,0.5563792,16.06889,743.24097,9.956692,7.213499,0,77,990.907,22.299305,41.26861642,-74.08752233,
5/27/2025 17:47:4,,82.48272,9.365599,97.200455,0.009015796,0.025325947,7.4596457,-37.745625,234.44814,0.542473,16.064035,743.2158,9.956039,7.2130995,0,77,990.8735,22.290781,41.26861182,-74.08752195,
5/27/2025 17:47:6,,82.482956,9.36573,97.20111,0.009158641,0.025281329,7.459723,-37.749943,234.44989,0.54189366,16.063667,743.2155,9.955967,7.2130504,0,77,990.873,22.290737,41.26861046,-74.08752604,
5/27/2025 17:47:8,,82.48319,9.365861,97.20176,0.009301486,0.025236709,7.4598002,-37.75426,234.45166,0.54131424,16.063301,743.21515,9.9558935,7.213001,0,77,990.87256,22.290691,41.26861365,-74.0875313,
5/27/2025 17:47:10,,82.48343,9.365992,97.202415,0.009444331,0.025192091,7.4598775,-37.75858,234.45343,0.5407349,16.062933,743.21484,9.95582,7.212951,0,77,990.87213,22.290648,41.26861622,-74.08753101,
5/27/2025 17:47:12,,82.48838,9.367158,97.20322,0.002741004,0.023321448,7.4612546,-37.83577,234.39653,0.5240201,16.057875,743.22046,9.957832,7.2143564,0,77,990.8797,22.290358,41.26861433,-74.08752649,
5/27/2025 17:47:14,,82.48866,9.36723,97.20342,0.002593162,0.023210542,7.461326,-37.839767,234.3949,0.5231667,16.057602,743.2203,9.957905,7.2144074,0,77,990.87946,22.29022,41.26861328,-74.08752819,
5/27/2025 17:47:16,,82.488945,9.367303,97.203636,0.00244532,0.023099637,7.4613976,-37.843765,234.39325,0.5223133,16.05733,743.22015,9.957976,7.2144585,0,77,990.8793,22.290085,41.26861325,-74.08752255,
5/27/2025 17:47:18,,82.48923,9.367374,97.20384,0.002297479,0.022988731,7.461469,-37.847767,234.39162,0.52145994,16.057058,743.22,9.958048,7.2145095,0,77,990.879,22.289948,41.26861249,-74.08752632,
5/27/2025 17:47:20,,82.48951,9.367447,97.20405,0.002149637,0.022877825,7.46154,-37.851765,234.38998,0.5206066,16.056786,743.2198,9.958119,7.2145605,0,77,990.87885,22.28981,41.26861463,-74.08753444,
5/27/2025 17:47:22,,82.50613,9.357177,97.08904,0.00044525,0.02386109,7.4544683,-37.451466,234.81262,0.5875768,16.052702,743.2203,9.993351,7.2393966,0,77,990.87946,22.307373,41.26861596,-74.08753028,
5/27/2025 17:47:24,,82.50683,9.356822,97.08485,0.000269778,0.02386389,7.4542336,-37.43818,234.82715,0.589735,16.052462,743.2204,9.994677,7.240331,0,77,990.8796,22.30801,41.26861396,-74.08752945,
5/27/2025 17:47:26,,82.50753,9.356467,97.08066,9.43E-05,0.023866687,7.4539995,-37.424892,234.84169,0.59189314,16.05222,743.2205,9.996002,7.2412653,0,77,990.87976,22.308647,41.26861027,-74.08752767,
5/27/2025 17:47:28,,82.508224,9.3561125,97.07646,0,0.023869485,7.453765,-37.411606,234.85623,0.5940513,16.051977,743.2206,9.997328,7.2421994,0,77,990.8799,22.309284,41.26861202,-74.08752608,
5/27/2025 17:47:30,,82.4762,9.354444,97.07481,0.005343905,0.028767383,7.4567275,-37.57996,234.75266,0.59904814,16.058746,743.2077,9.986487,7.2345576,0,77,990.8626,22.300789,41.26861603,-74.08752957,
5/27/2025 17:47:32,,82.47527,9.354223,97.07295,0.005513565,0.028961364,7.4567285,-37.580048,234.75539,0.6002571,16.058926,743.2072,9.986638,7.2346635,0,77,990.86194,22.300745,41.26861635,-74.08752487,
5/27/2025 17:47:34,,82.47436,9.354002,97.0711,0.005683225,0.029155347,7.4567294,-37.580135,234.7581,0.6014661,16.059107,743.2067,9.986789,7.23477,0,77,990.8613,22.300701,41.26861237,-74.08752288,
5/27/2025 17:47:36,,82.473434,9.353782,97.069244,0.005852884,0.02934933,7.456731,-37.580223,234.76082,0.60267514,16.059286,743.20624,9.986939,7.234876,0,77,990.8607,22.300657,41.26861382,-74.08751486,
5/27/2025 17:47:38,,82.491745,9.358379,97.09685,0.003354806,0.027902644,7.458282,-37.66673,234.7355,0.5534696,16.050314,743.21875,10.00155,7.244991,0,77,990.8774,22.300386,41.26861046,-74.08752191,
5/27/2025 17:47:40,,82.49196,9.358527,97.09784,0.003340105,0.027922302,7.4583845,-37.672516,234.73305,0.5516867,16.050072,743.219,10.00195,7.245266,0,77,990.87775,22.300251,41.26861009,-74.08752363,
5/27/2025 17:47:42,,82.49217,9.358674,97.09883,0.003325404,0.02794196,7.4584875,-37.6783,234.7306,0.5499038,16.049831,743.2193,10.002351,7.2455416,0,77,990.8781,22.300116,41.26861032,-74.08751683,
5/27/2025 17:47:44,,82.492386,9.358821,97.09983,0.003310703,0.027961621,7.4585905,-37.684086,234.72815,0.54812086,16.049591,743.21954,10.002752,7.245817,0,77,990.8785,22.29998,41.26861007,-74.08751564,
5/27/2025 17:47:46,,82.35089,9.338158,96.855034,0.001709909,0.022552246,7.445048,-36.91661,235.215,0.547566,16.034391,743.21356,10.986705,7.9384327,0,77,990.8704,22.30844,41.26861097,-74.08751598,
5/27/2025 17:47:48,,82.34559,9.337412,96.84578,0.001607067,0.022315681,7.4445357,-36.887566,235.2339,0.5467899,16.033651,743.2135,11.025797,7.9659467,0,77,990.87036,22.308773,41.26860679,-74.08751484,
5/27/2025 17:47:50,,82.340294,9.336666,96.836525,0.001504226,0.022079114,7.4440236,-36.85852,235.2528,0.5460137,16.032911,743.2135,11.064888,7.993461,0,77,990.8703,22.309107,41.26860833,-74.08751659,
5/27/2025 17:47:52,,82.335,9.33592,96.82727,0.001401385,0.021842549,7.4435115,-36.829475,235.27171,0.54523754,16.03217,743.21344,11.103979,8.020975,0,77,990.87024,22.30944,41.26860561,-74.08751902,
5/27/2025 17:47:54,,82.3297,9.335175,96.818016,0.001298544,0.021605983,7.4429994,-36.80043,235.29062,0.54446137,16.03143,743.2134,11.143071,8.04849,0,77,990.87024,22.309774,41.26860658,-74.08752141,
5/27/2025 17:47:56,,82.064674,9.140889,94.562225,0.003006147,0.025768176,7.4139304,-35.14258,236.88684,0.71468717,15.909789,743.18713,11.4191065,8.242833,0,77,990.83527,22.292358,41.26860888,-74.08751834,
5/27/2025 17:47:58,,82.052155,9.133134,94.47208,0.003043187,0.025833804,7.412591,-35.066288,236.95601,0.72114915,15.904891,743.18604,11.44649,8.262111,0,77,990.8338,22.29184,41.26860525,-74.08752148,
5/27/2025 17:48:0,,82.039635,9.125378,94.381935,0.003080227,0.02589943,7.411252,-34.989994,237.02516,0.72761106,15.899993,743.18494,11.473875,8.281388,0,77,990.83234,22.29132,41.26860935,-74.08752092,
5/27/2025 17:48:2,,82.027115,9.117621,94.291794,0.003117267,0.025965057,7.409913,-34.913704,237.09431,0.73407304,15.895095,743.18384,11.501259,8.300665,0,77,990.8309,22.2908,41.26860964,-74.08752006,
5/27/2025 17:48:4,,81.8296,8.789193,90.4775,0.01226064,0.02145569,7.3579354,-31.953527,239.08835,0.6144334,15.679004,743.20984,11.52075,8.314298,0,77,990.8654,22.299242,41.26860692,-74.08751176,
5/27/2025 17:48:6,,81.81755,8.773334,90.29331,0.012639581,0.021344457,7.3554444,-31.811644,239.1917,0.61256695,15.668665,743.2104,11.526787,8.318544,0,77,990.8662,22.299292,41.26861061,-74.08751845,
5/27/2025 17:48:8,,81.805504,8.757475,90.10912,0.013018523,0.021233225,7.352954,-31.669762,239.29506,0.6107005,15.658326,743.211,11.532823,8.32279,0,77,990.86694,22.299341,41.26860814,-74.08752749,
5/27/2025 17:48:10,,81.79346,8.741615,89.924934,0.013397465,0.021121994,7.350463,-31.527878,239.3984,0.608834,15.647987,743.21155,11.538859,8.327037,0,77,990.86774,22.29939,41.2686052,-74.08752288,
5/27/2025 17:48:12,,81.91908,8.393032,86.10204,0.001735306,0.022483008,7.285552,-27.851547,241.68773,0.56012475,15.517859,743.212,11.517934,8.312337,0,77,990.8683,22.308123,41.26860536,-74.08751611,
5/27/2025 17:48:14,,81.92044,8.374234,85.89233,0.001441613,0.022461046,7.282203,-27.661613,241.80878,0.556382,15.509276,743.2124,11.517896,8.312309,0,77,990.86884,22.308588,41.26860312,-74.08751763,
5/27/2025 17:48:16,,81.92181,8.355437,85.68261,0.00114792,0.022439085,7.278855,-27.471682,241.92981,0.5526393,15.500693,743.2128,11.517858,8.312282,0,77,990.86945,22.309053,41.2686043,-74.08752536,
5/27/2025 17:48:18,,81.92317,8.336639,85.47289,0.000854227,0.022417122,7.275506,-27.281748,242.05084,0.54889655,15.49211,743.21326,11.517818,8.312255,0,77,990.87,22.309519,41.2686119,-74.08752598,
5/27/2025 17:48:20,,82.0543,8.047357,82.39478,0.009219858,0.024374142,7.208414,-23.491472,244.47752,0.55909073,15.42814,743.2193,11.507155,8.304743,0,77,990.8782,22.309607,41.26861045,-74.08752604,
5/27/2025 17:48:22,,82.061325,8.030322,82.21161,0.009373223,0.024472216,7.2047224,-23.282766,244.61029,0.5587336,15.423484,743.21954,11.50648,8.304268,0,77,990.8785,22.309746,41.26861014,-74.08752078,
5/27/2025 17:48:24,,82.06835,8.013288,82.028435,0.009526586,0.02457029,7.201031,-23.074062,244.74306,0.55837643,15.418827,743.21985,11.505804,8.303792,0,77,990.87885,22.309883,41.26861163,-74.08752149,
5/27/2025 17:48:26,,82.075386,7.996253,81.84526,0.009679951,0.024668364,7.1973395,-22.865358,244.87582,0.5580193,15.414171,743.2201,11.505129,8.303317,0,77,990.87915,22.310022,41.26861252,-74.08752081,
5/27/2025 17:48:28,,82.08241,7.9792185,81.66209,0.009833315,0.02476644,7.193648,-22.656654,245.00859,0.5576621,15.409514,743.22034,11.504453,8.302842,0,77,990.8795,22.31016,41.26860952,-74.08751809,
5/27/2025 17:48:30,,82.13189,7.75605,79.331955,0.006237419,0.022532923,7.140618,-19.66381,246.73683,0.57187885,15.381825,743.2203,11.484258,8.288684,0,77,990.8794,22.31,41.26860998,-74.08751525,
5/27/2025 17:48:32,,82.136024,7.742527,79.18963,0.006246158,0.02248354,7.137444,-19.484604,246.84456,0.5725496,15.3796,743.22034,11.483319,8.288025,0,77,990.8796,22.31,41.2686103,-74.08752878,
5/27/2025 17:48:34,,82.14016,7.729004,79.047295,0.006254896,0.022434158,7.1342697,-19.305399,246.95229,0.5732204,15.377373,743.22046,11.482382,8.287367,0,77,990.8797,22.31,41.26861191,-74.0875279,
5/27/2025 17:48:36,,82.144295,7.715481,78.90497,0.006263635,0.022384776,7.131096,-19.126192,247.06001,0.5738911,15.375147,743.2206,11.481443,8.286709,0,77,990.8799,22.31,41.26860991,-74.08752466,
5/27/2025 17:48:38,,82.20359,7.5372734,77.04284,0.004594228,0.022542473,7.0835624,-16.444078,248.61012,0.58093554,15.34969,743.20135,11.480954,8.286299,0,77,990.8541,22.31,41.26860675,-74.08752323,
5/27/2025 17:48:40,,82.20676,7.5266976,76.93226,0.004478824,0.02251548,7.08086,-16.291584,248.69849,0.5814192,15.348203,743.2006,11.480605,8.286052,0,77,990.85315,22.31,41.26861055,-74.08752247,
5/27/2025 17:48:42,,82.209915,7.516122,76.82168,0.00436342,0.022488488,7.078158,-16.13909,248.78685,0.58190286,15.346714,743.1999,11.480257,8.285805,0,77,990.85223,22.31,41.26861037,-74.08752306,
5/27/2025 17:48:44,,82.21307,7.505546,76.71109,0.004248015,0.022461494,7.0754557,-15.986595,248.87521,0.5823865,15.345225,743.19916,11.479908,8.285558,0,77,990.85126,22.31,41.26860503,-74.0875279,
5/27/2025 17:48:46,,82.15979,7.390168,75.461914,0.00074093,0.025714684,7.0408964,-14.035722,249.68654,0.6098868,15.302735,743.2115,11.513704,8.309378,0,77,990.8677,22.31,41.26860276,-74.08752966,
5/27/2025 17:48:48,,82.15871,7.38285,75.38376,0.000582098,0.025842551,7.038802,-13.9175415,249.74274,0.61105853,15.300684,743.2117,11.514991,8.310285,0,77,990.8679,22.31,41.26860581,-74.08752624,
5/27/2025 17:48:50,,82.15762,7.3755326,75.3056,0.000423266,0.02597042,7.0367084,-13.799361,249.79895,0.6122302,15.298632,743.21185,11.516278,8.311191,0,77,990.86816,22.31,41.26860733,-74.08752667,
5/27/2025 17:48:52,,82.15654,7.368215,75.22745,0.000264435,0.026098289,7.0346146,-13.681181,249.85516,0.6134019,15.29658,743.21204,11.517565,8.312097,0,77,990.8684,22.31,41.26860573,-74.08752615,
5/27/2025 17:48:54,,82.15546,7.360897,75.14929,0.000105603,0.026226155,7.032521,-13.563001,249.91136,0.61457354,15.294528,743.2122,11.518852,8.313003,0,77,990.86865,22.31,41.26860368,-74.08752857,
5/27/2025 17:48:56,,82.24502,7.263887,74.080505,0.011899541,0.023768296,6.998789,-11.6592,250.55817,0.58755136,15.244773,743.20605,11.500587,8.300141,0,77,990.8604,22.301346,41.26860333,-74.08752856,
5/27/2025 17:48:58,,82.24756,7.258228,74.01857,0.012287365,0.023728589,6.9969206,-11.553754,250.59676,0.5869845,15.242179,743.20605,11.500449,8.300044,0,77,990.86035,22.30102,41.26860568,-74.0875281,
5/27/2025 17:49:0,,82.25011,7.252569,73.956635,0.012675189,0.023688879,6.9950523,-11.448307,250.63535,0.5864177,15.239585,743.206,11.500312,8.299948,0,77,990.86035,22.300692,41.26861037,-74.08752755,
5/27/2025 17:49:2,,82.25265,7.24691,73.89471,0.013063015,0.023649171,6.993184,-11.342861,250.67392,0.58585083,15.23699,743.20593,11.500174,8.29985,0,77,990.8603,22.300364,41.26861379,-74.08752568,
5/27/2025 17:49:4,,82.26823,7.143452,72.818245,0.00391526,0.023248004,6.961817,-9.574217,251.55719,0.61662817,15.222725,743.1993,11.506256,8.30405,0,77,990.8514,22.300327,41.26861449,-74.08751624,
5/27/2025 17:49:6,,82.27025,7.1378226,72.75869,0.003751829,0.023194822,6.9600425,-9.474148,251.60225,0.6173897,15.221351,743.1989,11.506212,8.304016,0,77,990.8509,22.300188,41.26861581,-74.08751865,
5/27/2025 17:49:8,,82.27227,7.1321926,72.69913,0.003588398,0.023141637,6.958268,-9.374079,251.64732,0.6181512,15.219976,743.19855,11.506169,8.303983,0,77,990.8504,22.300047,41.26861634,-74.08751699,
5/27/2025 17:49:10,,82.2743,7.126563,72.63957,0.003424967,0.023088455,6.956494,-9.27401,251.6924,0.61891264,15.218602,743.1982,11.506125,8.303948,0,77,990.85,22.299906,41.2686114,-74.0875297,
5/27/2025 17:49:12,,82.26701,7.07609,72.15092,0.001915649,0.023480453,6.938901,-8.282828,251.491,0.5787658,15.236021,743.211,11.529074,8.320197,0,77,990.867,22.308487,41.26861244,-74.08753301,
5/27/2025 17:49:14,,82.267006,7.072413,72.114044,0.001713492,0.023489034,6.937696,-8.214923,251.4978,0.57770246,15.23644,743.2114,11.530061,8.320894,0,77,990.86755,22.308817,41.26861116,-74.0875346,
5/27/2025 17:49:16,,82.26699,7.068736,72.07717,0.001511334,0.023497617,6.9364915,-8.147018,251.50461,0.5766391,15.236858,743.2118,11.531049,8.321591,0,77,990.86804,22.309145,41.26860735,-74.08752602,
5/27/2025 17:49:18,,82.26698,7.065059,72.04029,0.001309176,0.023506198,6.9352865,-8.079113,251.5114,0.57557577,15.237277,743.21216,11.532036,8.322289,0,77,990.8686,22.309473,41.26860377,-74.08752057,
5/27/2025 17:49:20,,82.26697,7.0613823,72.00342,0.001107018,0.023514781,6.9340816,-8.011209,251.5182,0.57451236,15.237696,743.2126,11.533024,8.322987,0,77,990.8691,22.309803,41.26860531,-74.0875236,
5/27/2025 17:49:22,,82.28093,7.051805,71.84546,0.000217402,0.022836998,6.91482,-6.9245186,251.72589,0.56475836,15.198677,743.2126,11.92421,8.598119,0,77,990.86914,22.318369,41.26860978,-74.08752917,
5/27/2025 17:49:24,,82.28135,7.0505037,71.830376,0.000154519,0.022817886,6.9137816,-6.865936,251.73091,0.5637352,15.197511,743.2128,11.939061,8.608566,0,77,990.86945,22.31883,41.26860777,-74.0875267,
5/27/2025 17:49:26,,82.28177,7.0492024,71.815285,9.16E-05,0.022798775,6.9127426,-6.8073525,251.73593,0.5627121,15.196343,743.213,11.953913,8.619014,0,77,990.8697,22.31929,41.26860517,-74.08752915,
5/27/2025 17:49:28,,82.28219,7.047901,71.80019,2.88E-05,0.022779662,6.911704,-6.7487693,251.74097,0.5616889,15.195177,743.21326,11.968764,8.629461,0,77,990.87,22.31975,41.26860467,-74.08753207,
5/27/2025 17:49:30,,82.305504,6.4868917,65.38266,0.003093927,0.022410868,6.837727,-2.575996,254.97552,0.65501535,14.695386,743.2324,12.480426,8.989715,0,77,990.89557,22.328314,41.26860564,-74.0875313,
5/27/2025 17:49:32,,82.30662,6.4650917,65.132645,0.003193564,0.022386337,6.8345575,-2.397218,255.10327,0.6584309,14.6755705,743.23315,12.506193,9.007853,0,77,990.89655,22.328783,41.26860716,-74.08752932,
5/27/2025 17:49:34,,82.30773,6.443292,64.88264,0.0032932,0.022361808,6.831388,-2.2184398,255.23103,0.6618464,14.655756,743.2339,12.531961,9.0259905,0,77,990.8976,22.32925,41.26860485,-74.08752514,
5/27/2025 17:49:36,,82.30884,6.4214926,64.63262,0.003392836,0.022337278,6.8282185,-2.039662,255.3588,0.665262,14.635941,743.2347,12.557729,9.044128,0,77,990.89856,22.32972,41.26860438,-74.08752474,
5/27/2025 17:49:38,,83.88626,5.467133,54.75559,0.007130026,0.03476863,6.7349854,3.2010498,257.62094,301.09177,14.394959,743.2028,12.777031,9.198438,0,77,990.85614,22.321161,41.26860149,-74.08753058,
5/27/2025 17:49:40,,83.94683,5.421513,54.27343,0.007322183,0.035236824,6.7302065,3.4699185,257.76022,312.5556,14.377573,743.2019,12.793881,9.210299,0,77,990.8549,22.32098,41.26860518,-74.08753252,
5/27/2025 17:49:42,,84.0074,5.375893,53.791275,0.007514339,0.035705023,6.7254276,3.7387874,257.89954,324.01944,14.360187,743.20105,12.810733,9.222159,0,77,990.8537,22.320799,41.26860514,-74.0875325,
5/27/2025 17:49:44,,84.06796,5.3302736,53.309116,0.007706496,0.036173217,6.7206483,4.007656,258.03882,335.48328,14.3428,743.20013,12.827583,9.23402,0,77,990.85254,22.320616,41.26860908,-74.08752836,
5/27/2025 17:49:46,,84.12853,5.2846537,52.826958,0.007898652,0.036641415,6.7158694,4.276525,258.17813,346.9471,14.325414,743.1992,12.844435,9.24588,0,77,990.8513,22.320435,41.26860881,-74.08752631,
5/27/2025 17:49:48,,84.88431,4.6591573,46.48898,0.04052355,0.2714527,6.649232,8.017392,223.46071,416.47144,14.232038,743.2055,12.833081,9.237789,0,77,990.85974,22.32028,41.2686127,-74.08753131,
5/27/2025 17:49:50,,84.93828,4.619844,46.086506,0.04178295,0.28025684,6.6451683,8.24566,222.23021,424.02084,14.224142,743.20526,12.836848,9.240437,0,77,990.8593,22.32014,41.26860954,-74.08752645,
5/27/2025 17:49:52,,84.99225,4.5805306,45.684032,0.043042347,0.28906098,6.641104,8.4739275,220.99971,431.57025,14.216247,743.20496,12.840615,9.243084,0,77,990.85895,22.320002,41.26860524,-74.08752536,
5/27/2025 17:49:54,,85.04622,4.5412173,45.28156,0.044301745,0.29786512,6.6370406,8.702196,219.76921,439.11966,14.208351,743.20465,12.844382,9.24573,0,77,990.8586,22.319862,41.26860257,-74.08752919,
5/27/2025 17:49:56,,85.7341,4.1104693,40.92965,0.08485449,0.3363805,6.5967984,10.959643,182.31255,363.37527,14.140038,743.1925,12.819773,9.228242,0,77,990.8424,22.32,41.26860257,-74.08752919,
5/27/2025 17:49:58,,85.772415,4.083924,40.660698,0.086864725,0.34144834,6.5941796,11.106601,180.39145,361.86438,14.135687,743.19214,12.819053,9.227728,0,77,990.8419,22.32,41.26860257,-74.08752919,
5/27/2025 17:50:0,,85.81073,4.057379,40.391747,0.08887496,0.34651613,6.591561,11.253557,178.47035,360.35345,14.131337,743.1918,12.818333,9.227213,0,77,990.8414,22.32,41.26860257,-74.08752919,
5/27/2025 17:50:2,,85.84905,4.0308332,40.1228,0.09088519,0.35158393,6.588942,11.400515,176.54926,358.84256,14.1269865,743.1914,12.817613,9.226699,0,77,990.8409,22.32,41.26860257,-74.08752919,
5/27/2025 17:50:4,,86.79834,3.6688113,36.47783,0.055510703,0.20958136,6.5658865,12.692746,156.41876,677.1028,14.0736475,743.19104,12.83042,9.235594,0,77,990.84045,22.32,41.26860257,-74.08752919,
5/27/2025 17:50:6,,86.846756,3.6476948,36.264923,0.05472113,0.20456365,6.564338,12.779556,155.05586,688.66534,14.070437,743.19086,12.830612,9.235723,0,77,990.8402,22.32,41.26860257,-74.08752919,
5/27/2025 17:50:8,,86.895164,3.6265783,36.05202,0.053931553,0.19954593,6.56279,12.866365,153.69295,700.22797,14.067227,743.1907,12.830806,9.235851,0,77,990.83997,22.32,41.26860257,-74.08752919,
5/27/2025 17:50:10,,86.94358,3.6054618,35.839115,0.053141978,0.19452822,6.5612416,12.953176,152.33003,711.7905,14.064018,743.1904,12.830999,9.23598,0,77,990.83966,22.32,41.26860257,-74.08752919,
5/27/2025 17:50:12,,87.8624,3.2956204,32.73008,0.04834297,0.34707835,6.552729,13.42907,138.5036,835.4838,14.021629,743.1778,12.824423,9.231337,0,77,990.8228,22.328438,41.26860257,-74.08752919,
5/27/2025 17:50:14,,87.914085,3.2775042,32.54809,0.047555342,0.3506746,6.552015,13.469062,137.63269,845.6738,14.019089,743.1773,12.824387,9.231308,0,77,990.82214,22.328768,41.26861236,-74.0875347,
5/27/2025 17:50:16,,87.96578,3.259388,32.3661,0.046767715,0.35427082,6.5513005,13.509053,136.76176,855.8639,14.016547,743.1768,12.824349,9.231279,0,77,990.82153,22.329098,41.26861481,-74.08752928,
5/27/2025 17:50:18,,88.01747,3.2412715,32.184113,0.045980092,0.35786703,6.550586,13.549046,135.89085,866.0539,14.014007,743.17633,12.824313,9.231252,0,77,990.82086,22.329428,41.26861476,-74.08753106,
5/27/2025 17:50:20,,88.06917,3.2231553,32.00212,0.045192465,0.36146325,6.5498714,13.589037,135.01994,876.24396,14.011465,743.17584,12.824277,9.231223,0,77,990.8202,22.329758,41.26860893,-74.08752888,
5/27/2025 17:50:22,,89.02765,2.96621,29.428467,0.23224151,0.17859603,6.560652,12.982371,123.04999,668.84546,13.977006,743.202,12.806958,9.217601,0,77,990.85504,22.31231,41.26860939,-74.0875287,
5/27/2025 17:50:24,,89.08055,2.9508522,29.274529,0.23926392,0.17407931,6.560898,12.9684725,122.3415,663.2977,13.974927,743.2028,12.806197,9.21701,0,77,990.8561,22.311787,41.26860666,-74.0875289,
5/27/2025 17:50:26,,89.13345,2.9354947,29.12059,0.24628635,0.16956258,6.561144,12.954574,121.633,657.75,13.972849,743.2036,12.805436,9.216419,0,77,990.8572,22.311264,41.26860567,-74.08753011,
5/27/2025 17:50:28,,89.18636,2.920137,28.96665,0.25330874,0.16504586,6.5613894,12.940674,120.92451,652.20233,13.970771,743.2044,12.804675,9.215829,0,77,990.8582,22.310741,41.26860754,-74.08753402,
5/27/2025 17:50:30,,88.96775,2.6921988,26.70073,0.20076737,0.057725612,6.577571,12.032128,112.65295,982.2166,13.961204,743.1917,12.801035,9.212895,0,77,990.8414,22.31063,41.26861324,-74.08752926,
5/27/2025 17:50:32,,88.97631,2.678996,26.569124,0.2018388,0.050723433,6.5783434,11.988732,112.12572,991.4909,13.960223,743.19165,12.800613,9.212561,0,77,990.84125,22.310345,41.26861939,-74.08752803,
5/27/2025 17:50:34,,88.98487,2.6657932,26.43752,0.20291024,0.04372126,6.579116,11.945335,111.59848,1000.76514,13.959244,743.1916,12.800192,9.212227,0,77,990.8412,22.31006,41.26861774,-74.08753192,
5/27/2025 17:50:36,,88.99343,2.6525905,26.305912,0.20398168,0.03671908,6.5798883,11.901939,111.07125,1010.03937,13.958263,743.1915,12.79977,9.211892,0,77,990.8411,22.309776,41.26861935,-74.08752752,
5/27/2025 17:50:38,,89.444305,2.4643948,24.436966,0.23113666,0.03966374,6.59447,11.083304,104.46204,540.5449,13.950378,743.147,12.801567,9.212542,0,77,990.7817,22.318398,41.26861615,-74.08752847,
5/27/2025 17:50:40,,89.45867,2.4534519,24.328236,0.23142917,0.038026296,6.59528,11.037837,104.07105,527.9381,13.949899,743.14514,12.801567,9.212512,0,77,990.7792,22.318714,41.26861371,-74.08752905,
5/27/2025 17:50:42,,89.47304,2.442509,24.219507,0.23172168,0.03638885,6.59609,10.99237,103.68007,515.33136,13.949418,743.14325,12.801567,9.2124815,0,77,990.7767,22.319033,41.26861631,-74.08753095,
5/27/2025 17:50:44,,89.48741,2.431566,24.110777,0.2320142,0.034751408,6.5968995,10.946902,103.28908,502.7246,13.948938,743.14136,12.801566,9.212452,0,77,990.7742,22.31935,41.26861413,-74.08753036,
5/27/2025 17:50:46,,89.50178,2.4206233,24.002047,0.23230672,0.03311396,6.5977097,10.901434,102.898094,490.11783,13.948459,743.1395,12.801566,9.212421,0,77,990.77167,22.319666,41.26861507,-74.08752818,
5/27/2025 17:50:48,,85.67827,2.3305118,23.100473,0.05946895,0.010156863,6.630633,9.053432,95.80578,539.64264,13.935659,743.19135,12.871675,9.257982,0,77,990.8408,22.328312,41.26861507,-74.08752818,
5/27/2025 17:50:50,,85.54296,2.323934,23.034893,0.05346746,0.009252,6.6321073,8.970676,95.42739,534.06525,13.935041,743.19257,12.874314,9.259687,0,77,990.8424,22.32877,41.26861507,-74.08752818,
5/27/2025 17:50:52,,85.40766,2.3173563,22.969313,0.047465965,0.008347136,6.6335816,8.887921,95.049,528.4878,13.934424,743.1938,12.876953,9.261394,0,77,990.84406,22.32923,41.26861507,-74.08752818,
5/27/2025 17:50:54,,85.272354,2.3107784,22.903734,0.041464474,0.007442273,6.635056,8.805165,94.67062,522.9104,13.933806,743.195,12.879593,9.2631,0,77,990.84564,22.329687,41.26861507,-74.08752818,
5/27/2025 17:50:56,,86.625244,2.2918625,22.679323,0.15310185,0.03229468,6.625028,9.365438,103.52298,145.17787,13.85937,743.1896,12.614061,9.0827465,0,77,990.83844,22.329676,41.26861507,-74.08752818,
5/27/2025 17:50:58,,86.61839,2.2895727,22.655054,0.15474936,0.032873936,6.625162,9.357817,103.75187,131.14194,13.856264,743.1901,12.604812,9.076431,0,77,990.83923,22.329813,41.26861507,-74.08752818,
5/27/2025 17:51:0,,86.611534,2.287283,22.630785,0.15639687,0.033453196,6.625296,9.350196,103.98076,117.106,13.853158,743.1907,12.595562,9.070116,0,77,990.84,22.32995,41.26861366,-74.08752843,
5/27/2025 17:51:2,,86.60468,2.2849932,22.606516,0.15804437,0.034032453,6.62543,9.342574,104.20965,103.07007,13.850052,743.1913,12.586311,9.063801,0,77,990.84076,22.33009,41.26861361,-74.08752612,
5/27/2025 17:51:4,,84.64164,2.2937992,22.715103,0.046105366,0.034282073,6.720856,3.9897308,100.91157,412.45245,13.893647,743.2035,12.067386,8.698594,0,77,990.857,22.338503,41.2686112,-74.08752575,
5/27/2025 17:51:6,,84.58805,2.2937636,22.714952,0.043635856,0.03470055,6.724362,3.7930448,100.92964,417.9508,13.894074,743.2039,12.043058,8.6815815,0,77,990.85754,22.338829,41.26860718,-74.08752632,
5/27/2025 17:51:8,,84.53447,2.2937284,22.714802,0.04116635,0.035119027,6.7278676,3.5963585,100.94772,423.44916,13.894502,743.2043,12.018731,8.664568,0,77,990.85803,22.339155,41.26861205,-74.08751973,
5/27/2025 17:51:10,,84.48088,2.293693,22.714651,0.03869684,0.035537504,6.7313733,3.3996725,100.965805,428.9475,13.894929,743.20465,11.994405,8.647555,0,77,990.8585,22.339483,41.26861183,-74.08751698,
5/27/2025 17:51:12,,83.53618,2.8359559,28.195868,0.014653154,0.028369712,6.732307,3.3491724,108.32744,70.02163,14.067613,743.1922,12.002094,8.652928,0,77,990.842,22.348122,41.26861183,-74.08751698,
5/27/2025 17:51:14,,83.46772,2.857565,28.41459,0.011954024,0.02809658,6.7338524,3.2625728,108.569885,60.520515,14.075111,743.1919,11.994097,8.6473,0,77,990.84155,22.348598,41.26861183,-74.08751698,
5/27/2025 17:51:16,,83.39926,2.879174,28.633312,0.009254894,0.02782345,6.7353973,3.1759732,108.81233,51.0194,14.082609,743.1916,11.986098,8.641672,0,77,990.8412,22.349075,41.26861183,-74.08751698,
5/27/2025 17:51:18,,83.3308,2.900783,28.852034,0.006555765,0.027550321,6.7369423,3.0893736,109.05477,41.518284,14.090108,743.1913,11.978101,8.6360445,0,77,990.84076,22.349552,41.26861148,-74.08752453,
5/27/2025 17:51:20,,83.262344,2.9223921,29.070755,0.003856635,0.02727719,6.7384877,3.002774,109.29722,32.01717,14.097607,743.191,11.970103,8.630417,0,77,990.8404,22.350029,41.26861293,-74.08752903,
5/27/2025 17:51:22,,83.249596,3.3604765,33.481724,0.008775787,0.028013732,6.725725,3.720229,115.53344,23.83082,14.167635,743.20386,10.806726,7.8118196,0,77,990.85754,22.358404,41.26861005,-74.08752917,
5/27/2025 17:51:24,,83.23188,3.3863304,33.742416,0.008504379,0.027921146,6.725311,3.743547,115.895256,17.342169,14.173277,743.20416,10.7630205,7.7810674,0,77,990.8579,22.358871,41.26861005,-74.08752917,
5/27/2025 17:51:26,,83.214165,3.4121842,34.00311,0.00823297,0.02782856,6.724897,3.7668653,116.25708,10.853519,14.178918,743.2044,10.719316,7.7503147,0,77,990.8582,22.35934,41.2686112,-74.08752415,
5/27/2025 17:51:28,,83.19645,3.4380383,34.2638,0.007961562,0.027735975,6.7244825,3.7901833,116.6189,4.3648686,14.18456,743.2047,10.67561,7.7195625,0,77,990.8586,22.35981,41.2686092,-74.08752647,
5/27/2025 17:51:30,,83.84912,4.712311,47.877872,0.001129,0.021500764,6.799549,-0.4292183,124.93253,7.888974,15.025883,743.17926,9.313952,6.7611456,0,77,990.82477,22.3511,41.26860672,-74.08752595,
5/27/2025 17:51:32,,83.87213,4.7681556,48.46993,0.000888805,0.021269117,6.802227,-0.5797332,125.35323,7.638909,15.059104,743.1785,9.243644,6.711662,0,77,990.8237,22.350916,41.26860764,-74.08752513,
5/27/2025 17:51:34,,83.89514,4.824001,49.06199,0.00064861,0.02103747,6.804905,-0.7302481,125.77393,7.388844,15.092325,743.17773,9.173334,6.6621785,0,77,990.8227,22.350729,41.26861056,-74.08752055,
5/27/2025 17:51:36,,83.91816,4.8798456,49.654045,0.000408414,0.020805825,6.807583,-0.880763,126.19463,7.1387787,15.125547,743.177,9.103025,6.6126947,0,77,990.8217,22.350542,41.26860494,-74.08752068,
5/27/2025 17:51:38,,83.70303,6.324298,64.71578,0.000483986,0.02435114,6.9266615,-7.599079,132.43886,1.6790105,15.373609,743.20844,7.220163,5.2878675,0,77,990.8636,22.350367,41.26859772,-74.08752014,
5/27/2025 17:51:40,,83.70478,6.400551,65.515976,0.00037247,0.024386985,6.932442,-7.9249673,132.81607,1.4027376,15.396601,743.2092,7.1255565,5.2212954,0,77,990.8647,22.350227,41.26860306,-74.08752327,
5/27/2025 17:51:42,,83.70652,6.4768043,66.31616,0.000260954,0.02442283,6.9382224,-8.250856,133.19327,1.1264647,15.419594,743.2101,7.0309505,5.154723,0,77,990.8658,22.350088,41.26860501,-74.08753044,
5/27/2025 17:51:44,,83.70826,6.553057,67.116356,0.000149437,0.024458675,6.944003,-8.576745,133.57047,0.85019195,15.442587,743.2109,6.936344,5.0881505,0,77,990.8668,22.349949,41.26860801,-74.0875182,
5/27/2025 17:51:46,,83.71,6.6293106,67.91655,3.79E-05,0.024494521,6.949784,-8.902633,133.94766,0.57391906,15.46558,743.2117,6.8417377,5.0215783,0,77,990.8679,22.349808,41.26860373,-74.08752525,
5/27/2025 17:51:48,,83.38457,7.616969,78.43518,0.004887205,0.015420431,7.052007,-14.682957,138.53485,0.73844665,15.685339,743.2055,5.1781607,3.850791,0,77,990.8597,22.35,41.26860462,-74.08752914,
5/27/2025 17:51:50,,83.36951,7.678157,79.08137,0.005060253,0.015147137,7.057779,-15.009053,138.81346,0.6484299,15.698063,743.20575,5.084849,3.785125,0,77,990.86005,22.35,41.2686055,-74.08752531,
5/27/2025 17:51:52,,83.35445,7.7393446,79.727554,0.005233302,0.014873842,7.0635505,-15.33515,139.09207,0.5584131,15.710787,743.20605,4.991537,3.7194593,0,77,990.8604,22.35,41.2686081,-74.0875228,
5/27/2025 17:51:54,,83.339386,7.800533,80.37374,0.005406351,0.014600546,7.0693226,-15.661246,139.37068,0.46839628,15.723511,743.20636,4.8982253,3.6537933,0,77,990.86084,22.35,41.26861094,-74.087522,
5/27/2025 17:51:56,,83.969986,8.4717655,87.83203,0.010005495,0.011092117,7.140536,-19.7029,144.12476,0.55379903,16.007011,743.20575,3.2917542,2.522588,0,77,990.86005,22.35,41.26860377,-74.08752024,
5/27/2025 17:51:58,,83.98963,8.514024,88.29385,0.010253792,0.010821453,7.1449347,-19.9522,144.38496,0.55409056,16.021742,743.2057,3.2028015,2.4599614,0,77,990.8599,22.35,41.26860166,-74.0875244,
5/27/2025 17:52:0,,84.00927,8.556282,88.75568,0.010502088,0.01055079,7.149334,-20.2015,144.64516,0.5543821,16.03647,743.20557,3.1138484,2.397335,0,77,990.85974,22.35,41.26860283,-74.0875172,
5/27/2025 17:52:2,,84.028915,8.598539,89.2175,0.010750384,0.010280126,7.153733,-20.450798,144.90536,0.5546737,16.0512,743.20544,3.0248954,2.3347087,0,77,990.8596,22.35,41.26860158,-74.08751634,
5/27/2025 17:52:4,,85.00234,9.156541,96.293175,0.005060936,0.012266207,7.2195005,-24.223043,149.10919,0.5375055,16.67765,743.2055,0.5115431,0.5634538,0,77,990.8597,22.35,41.26859919,-74.08752192,
5/27/2025 17:52:6,,85.04988,9.189234,96.68963,0.004919639,0.012285454,7.2232113,-24.43515,149.34949,0.5368721,16.70629,743.2055,0.3886996,0.47689724,0,77,990.8597,22.35,41.26859872,-74.08751625,
