Location Properties,,,,,,,,,,,,,,,,,,,
Location Name = LT2,,,,,,,,,,,,,,,,,,,
Location ID = 731683c1-f50f-401e-8516-0e9234fe7550,,,,,,,,,,,,,,,,,,,
Latitude = 41.260929701342796 °,,,,,,,,,,,,,,,,,,,
Longitude = -74.09578356657856 °,,,,,,,,,,,,,,,,,,,
,,,,,,,,,,,,,,,,,,,
Report Properties,,,,,,,,,,,,,,,,,,,
Start Time = 2025-09-16 15:08:19,,,,,,,,,,,,,,,,,,,
Time Offset = -04:00:00,,,,,,,,,,,,,,,,,,,
Duration = 00:12:50,,,,,,,,,,,,,,,,,,,
Readings = 386,,,,,,,,,,,,,,,,,,,
,,,,,,,,,,,,,,,,,,,
Instrument Properties,,,,,,,,,,,,,,,,,,,
Device Model = Aqua TROLL 800,,,,,,,,,,,,,,,,,,,
Device SN = 1155867,,,,,,,,,,,,,,,,,,,
,,,,,,,,,,,,,,,,,,,
Instrument Properties,,,,,,,,,,,,,,,,,,,
Device Model = Wireless TROLL Com,,,,,,,,,,,,,,,,,,,
Device SN = 1153542,,,,,,,,,,,,,,,,,,,
,,,,,,,,,,,,,,,,,,,
,,,,,,,,,,,,,,,,,,,
Date Time,Specific Conductivity (µS/cm) (1154450),RDO Concentration (mg/L) (1147006),RDO Saturation (%Sat) (1147006),BGA-PC Fluorescence (RFU) (1142613),Chlorophyll-a Fluorescence (RFU) (1151543),pH (pH) (1112266),pH mV (mV) (1112266),ORP (mV) (1112266),Turbidity (NTU) (1154355),Temperature (°C) (1155867),Barometric Pressure (mm Hg) (1155867),Pressure (psi) (1147922),External Voltage (V) (1155867),Battery Capacity (%) (1155867),Barometric Pressure (mbar) (1153542),Temperature (°C) (1153542),Latitude (°),Longitude (°),Marked
9/16/2025 15:08,85.446945,8.756204,103.62881,0.003335861,0.018121671,7.3450003,-50.711792,176.77863,1.1723074,22.412842,741.14526,0.28972438,0.037102986,76,988.0905,24.759592,41.26848989,-74.08765019,
9/16/2025 15:08,85.57458,8.750666,103.582825,0.012853933,0.022135386,7.3366046,-50.235153,176.23816,1.1780599,22.430878,741.13513,0.27187887,0.023772031,76,988.0599,24.75155,41.26848635,-74.08765014,
9/16/2025 15:08,85.57945,8.749869,103.57527,0.01310956,0.02232747,7.3364825,-50.228313,176.18344,1.1773573,22.431742,741.1336,0.27133372,0.022668174,76,988.05804,24.751337,41.26848555,-74.08765014,
9/16/2025 15:08,85.58433,8.749072,103.56772,0.013365188,0.022519555,7.33636,-50.221474,176.12872,1.1766548,22.432608,741.13214,0.27078858,0.021564314,76,988.0562,24.751123,41.26848657,-74.08765335,
9/16/2025 15:08,85.5892,8.748275,103.560165,0.013620815,0.02271164,7.3362374,-50.214634,176.074,1.1759522,22.433472,741.1306,0.27024344,0.020460457,76,988.05444,24.75091,41.26848622,-74.08765292,
9/16/2025 15:08,85.70346,8.741228,103.49677,0.007644643,0.02099604,7.2995267,-48.126217,176.31638,1.2117894,22.442678,741.10516,0.2712638,0.012028223,76,988.03644,24.758503,41.26848622,-74.08765292,
9/16/2025 15:08,85.71116,8.7408085,103.49309,0.007534687,0.020985747,7.2976327,-48.01847,176.31898,1.2136124,22.443434,741.10376,0.27098912,0.011404277,76,988.03503,24.758717,41.26848622,-74.08765292,
9/16/2025 15:08,85.718864,8.74039,103.4894,0.007424732,0.020975456,7.295738,-47.91072,176.32161,1.2154355,22.44419,741.1024,0.2707144,0.01078033,76,988.0337,24.75893,41.26848749,-74.08764457,
9/16/2025 15:08,85.72656,8.739971,103.48572,0.007314777,0.020965163,7.2938437,-47.802975,176.32423,1.2172585,22.444944,741.1011,0.27043968,0.010156384,76,988.0323,24.759144,41.26848749,-74.08764457,
9/16/2025 15:08,85.76396,8.733672,103.41379,0.005143448,0.020586388,7.2854805,-47.32738,175.8926,1.1836177,22.45671,741.08765,0.27164498,0.002348196,76,988.07074,24.775366,41.26848749,-74.08764457,
9/16/2025 15:08,85.767525,8.7332735,103.40949,0.004921217,0.020530313,7.284445,-47.268463,175.87839,1.1826918,22.45739,741.08655,0.27174738,0.001868253,76,988.07227,24.776272,41.26848749,-74.08764457,
9/16/2025 15:08,85.771095,8.732876,103.405205,0.004698986,0.02047424,7.2834086,-47.20954,175.86417,1.181766,22.45807,741.0855,0.27184975,0.00138831,76,988.07385,24.777178,41.26849394,-74.08764525,
9/16/2025 15:08,85.774666,8.732477,103.40091,0.004476755,0.020418167,7.282373,-47.15062,175.84996,1.1808403,22.45875,741.0845,0.27195215,0.000908366,76,988.0754,24.778086,41.26849394,-74.08764525,
9/16/2025 15:08,85.76278,8.732289,103.37592,0.004556166,0.021193763,7.294215,-47.82268,174.63391,1.1656504,22.445993,741.1139,0.27670136,0.007748598,76,988.0447,24.778915,41.26849394,-74.08764525,
9/16/2025 15:08,85.762695,8.73218,103.37357,0.004527638,0.021224573,7.2946725,-47.848618,174.56961,1.1642852,22.445597,741.11505,0.27694577,0.007940572,76,988.044,24.779236,41.26849394,-74.08764525,
9/16/2025 15:08,85.7626,8.732069,103.37123,0.004499111,0.021255381,7.29513,-47.874554,174.50531,1.1629201,22.445198,741.1162,0.2771902,0.008132544,76,988.04333,24.779554,41.26849394,-74.08764525,
9/16/2025 15:08,85.76252,8.731959,103.36888,0.004470583,0.02128619,7.2955866,-47.900494,174.441,1.161555,22.444801,741.1174,0.27743462,0.008324518,76,988.0426,24.779875,41.26849519,-74.08764813,
9/16/2025 15:08,85.780205,8.730904,103.344475,0.01070059,0.018558035,7.2891283,-47.532227,174.5898,1.1836755,22.441044,741.09393,0.2757787,0.008547389,76,988.0825,24.79632,41.26849519,-74.08764813,
9/16/2025 15:08,85.78074,8.73086,103.342995,0.010990899,0.018448118,7.289063,-47.52844,174.57507,1.1844467,22.440626,741.0934,0.27578667,0.008691368,76,988.08374,24.797066,41.26849419,-74.08764688,
9/16/2025 15:08,85.78127,8.730817,103.34152,0.011281208,0.018338202,7.2889977,-47.524647,174.56035,1.1852177,22.440208,741.0929,0.27579463,0.008835347,76,988.08496,24.797813,41.26849243,-74.08764598,
9/16/2025 15:08,85.78181,8.730774,103.34005,0.011571516,0.018228285,7.2889323,-47.52086,174.54562,1.1859889,22.43979,741.09235,0.27580258,0.008979326,76,988.0862,24.79856,41.26849288,-74.08764613,
9/16/2025 15:09,85.78773,8.728157,103.32484,0.012883853,0.021380376,7.2742133,-46.68406,175.24896,1.1591532,22.446888,741.1103,0.29276985,0.001572073,76,988.07086,24.799074,41.26849113,-74.08764393,
9/16/2025 15:09,85.78832,8.728021,103.32373,0.013056554,0.021472726,7.2734203,-46.638973,175.28455,1.1583583,22.44715,741.11066,0.29350314,0.001236092,76,988.0709,24.799393,41.26849235,-74.08764254,
9/16/2025 15:09,85.78892,8.727883,103.322624,0.013229254,0.021565076,7.272628,-46.593887,175.32011,1.1575633,22.447412,741.111,0.29423642,0.000900111,76,988.071,24.799713,41.26849411,-74.08764192,
9/16/2025 15:09,85.78951,8.727747,103.32152,0.013401954,0.021657426,7.271835,-46.5488,175.3557,1.1567684,22.447674,741.1114,0.2949697,0.00056413,76,988.07104,24.800034,41.26849411,-74.08764192,
9/16/2025 15:09,85.790115,8.72761,103.32042,0.013574654,0.021749778,7.2710423,-46.50371,175.39127,1.1559736,22.447937,741.11176,0.29570302,0.000228149,76,988.0711,24.800354,41.26849725,-74.08763817,
9/16/2025 15:09,85.78104,8.723048,103.27047,0.002053258,0.020863125,7.2513375,-45.382256,176.4381,1.1751449,22.450008,741.11224,0.27767435,0.000236676,76,988.07025,24.80872,41.26849527,-74.0876389,
9/16/2025 15:09,85.78077,8.722802,103.268036,0.001587485,0.02088551,7.250205,-45.317818,176.4967,1.1754522,22.450233,741.1126,0.27723145,9.27E-05,76,988.0699,24.809092,41.26849929,-74.08763338,
9/16/2025 15:09,85.7805,8.722556,103.265594,0.001121713,0.020907894,7.2490726,-45.253384,176.55533,1.1757594,22.45046,741.113,0.27678853,0,76,988.0696,24.809465,41.26849513,-74.08763079,
9/16/2025 15:09,85.82288,8.722401,103.3092,0.000785333,0.018931426,7.2427664,-44.89747,176.60892,1.1621132,22.470634,741.0749,0.27535772,0,76,988.01904,24.809616,41.26849276,-74.08762714,
9/16/2025 15:09,85.82461,8.722312,103.310234,0.000570621,0.018828414,7.2421336,-44.861588,176.62999,1.1618464,22.471563,741.0732,0.27498227,0,76,988.01685,24.809776,41.26849389,-74.08763592,
9/16/2025 15:09,85.82633,8.722223,103.31127,0.000355909,0.018725403,7.241501,-44.82571,176.65108,1.1615797,22.472494,741.07153,0.27460685,0,76,988.0146,24.809937,41.26848975,-74.08763443,
9/16/2025 15:09,85.82806,8.722136,103.31231,0.000141197,0.01862239,7.240868,-44.78983,176.67216,1.1613129,22.473423,741.0698,0.2742314,0,76,988.0123,24.810097,41.26848979,-74.08763146,
9/16/2025 15:09,85.82978,8.722047,103.31335,0,0.01851938,7.2402353,-44.75395,176.69324,1.1610463,22.474354,741.0682,0.27385595,0,76,988.01013,24.810257,41.26848569,-74.08763075,
9/16/2025 15:09,85.78523,8.715305,103.24099,0.01037291,0.019323666,7.2264757,-43.971386,176.74164,1.1934972,22.480066,741.0952,0.32332644,0,76,988.0462,24.827662,41.26848707,-74.08762894,
9/16/2025 15:09,85.78421,8.715019,103.23881,0.010788033,0.019317778,7.2257643,-43.93098,176.74571,1.194584,22.4807,741.0956,0.32532856,0,76,988.0467,24.828392,41.26847522,-74.0876302,
9/16/2025 15:09,85.783195,8.714733,103.236626,0.011203156,0.01931189,7.225053,-43.89057,176.74979,1.1956707,22.481335,741.09595,0.3273307,0,76,988.0472,24.82912,41.26847758,-74.08764311,
9/16/2025 15:09,85.78218,8.714447,103.23444,0.011618279,0.019306002,7.2243414,-43.850163,176.75385,1.1967576,22.481968,741.0963,0.32933283,0,76,988.04767,24.829851,41.26848273,-74.08763821,
9/16/2025 15:09,85.76341,8.711034,103.18639,0.001256217,0.019275425,7.232383,-44.307438,175.83775,1.1735504,22.478231,741.09717,0.34643605,0,76,988.04877,24.82955,41.26848395,-74.08764605,
9/16/2025 15:09,85.76192,8.710772,103.18321,0.0010319,0.01928537,7.2324276,-44.309982,175.80304,1.1732165,22.478222,741.09766,0.34801066,0,76,988.0494,24.829863,41.26848244,-74.08764927,
9/16/2025 15:09,85.760414,8.71051,103.18002,0.000807583,0.019295314,7.232472,-44.312527,175.76833,1.1728827,22.478212,741.0981,0.34958524,0,76,988.05005,24.830175,41.26848244,-74.08764927,
9/16/2025 15:09,85.75892,8.710249,103.176834,0.000583266,0.019305259,7.232517,-44.31507,175.7336,1.1725488,22.478203,741.0986,0.35115984,0,76,988.05066,24.830488,41.26848532,-74.0876507,
9/16/2025 15:09,85.91426,8.702767,103.08234,0.003075896,0.023146117,7.2524166,-45.447567,174.17677,1.1701753,22.475115,741.09784,1.3329424,0,76,988.0497,24.838661,41.26848679,-74.08765076,
9/16/2025 15:09,85.92004,8.702404,103.077705,0.003011396,0.023297112,7.253316,-45.498737,174.09984,1.1697229,22.474949,741.09784,1.3720509,0,76,988.0497,24.839003,41.26848986,-74.08764743,
9/16/2025 15:09,85.92581,8.702042,103.07308,0.002946896,0.023448108,7.254215,-45.549904,174.0229,1.1692705,22.474783,741.09784,1.4111593,0,76,988.0497,24.839344,41.26849133,-74.08764397,
9/16/2025 15:09,85.93159,8.701678,103.06846,0.002882396,0.023599101,7.255114,-45.601074,173.94595,1.1688181,22.474617,741.09784,1.4502678,0,76,988.0497,24.839687,41.26849454,-74.08764669,
9/16/2025 15:09,85.59433,8.691179,102.752754,0.012003417,0.022414956,7.248217,-45.19323,173.91139,1.1238357,22.37528,741.06506,1.431927,0,76,988.00604,24.839718,41.26849454,-74.08764669,
9/16/2025 15:09,85.583244,8.690622,102.73832,0.012411127,0.022431705,7.248271,-45.19567,173.8832,1.1219716,22.371208,741.0637,1.4476856,0,76,988.0043,24.839865,41.2685012,-74.08764471,
9/16/2025 15:09,85.57216,8.690066,102.72388,0.012818836,0.022448456,7.248325,-45.198112,173.85501,1.1201077,22.367134,741.06244,1.4634442,0,76,988.0025,24.840012,41.26850194,-74.08763808,
9/16/2025 15:09,85.56108,8.689509,102.70944,0.013226545,0.022465207,7.2483788,-45.200554,173.82681,1.1182436,22.363062,741.0611,1.4792029,0,76,988.00073,24.840157,41.26849974,-74.08763528,
9/16/2025 15:09,85.56019,8.706052,102.8606,0.013085526,0.025423793,7.2479105,-45.1704,173.46542,1.1568106,22.340097,741.05475,1.4685906,0,76,987.9923,24.8487,41.26849974,-74.08763528,
9/16/2025 15:10,85.55432,8.706524,102.861015,0.013238887,0.025523938,7.247786,-45.16289,173.44902,1.1575546,22.337427,741.0539,1.4685014,0,76,987.9912,24.849049,41.26849974,-74.08763528,
9/16/2025 15:10,85.54845,8.706995,102.861435,0.013392249,0.025624085,7.247661,-45.155388,173.43262,1.1582987,22.334757,741.0531,1.4684124,0,76,987.99005,24.849396,41.26849914,-74.08763176,
9/16/2025 15:10,85.54257,8.707466,102.861855,0.013545612,0.02572423,7.2475367,-45.14788,173.41621,1.1590427,22.332087,741.05225,1.4683232,0,76,987.98895,24.849745,41.26849914,-74.08763176,
9/16/2025 15:10,85.56054,8.705122,102.82407,0.008047178,0.026056675,7.232803,-44.30946,173.70766,1.0916902,22.33218,741.1245,1.4901751,0,76,988.08527,24.86706,41.26849914,-74.08763176,
9/16/2025 15:10,85.56095,8.705301,102.82484,0.007835213,0.026121033,7.232207,-44.27546,173.7125,1.0896252,22.331688,741.1272,1.4911501,0,76,988.0889,24.8679,41.26849914,-74.08763176,
9/16/2025 15:10,85.56137,8.705481,102.82559,0.007623247,0.02618539,7.2316103,-44.24146,173.71735,1.0875603,22.331196,741.12994,1.492125,0,76,988.0925,24.86874,41.26849914,-74.08763176,
9/16/2025 15:10,85.56178,8.70566,102.826355,0.007411282,0.026249748,7.2310143,-44.207455,173.7222,1.0854952,22.330704,741.1327,1.4930999,0,76,988.0962,24.869581,41.26850397,-74.08763514,
9/16/2025 15:10,85.58857,8.704002,102.813034,0.001245583,0.024790395,7.2641296,-46.091774,171.74919,1.124054,22.329744,741.0751,1.4778115,0,76,988.01935,24.860828,41.26850412,-74.087635,
9/16/2025 15:10,85.5898,8.703907,102.81187,0.000913903,0.024741126,7.2651663,-46.150734,171.67688,1.1244149,22.329653,741.0741,1.4775878,0,76,988.018,24.860792,41.26850773,-74.08763265,
9/16/2025 15:10,85.59102,8.703811,102.81069,0.000582223,0.024691857,7.2662024,-46.209698,171.60457,1.124776,22.32956,741.07306,1.4773641,0,76,988.0166,24.860754,41.26850742,-74.08763203,
9/16/2025 15:10,85.59225,8.703715,102.809525,0.000250544,0.024642589,7.267239,-46.26866,171.53226,1.125137,22.329468,741.072,1.4771403,0,76,988.01526,24.860718,41.26850786,-74.08762803,
9/16/2025 15:10,85.641945,8.701146,102.7505,0.002663507,0.02072994,7.2863607,-47.354496,170.58936,1.1757185,22.315245,741.07654,1.4766686,0,76,988.0213,24.877613,41.2685111,-74.08763228,
9/16/2025 15:10,85.64441,8.701018,102.747894,0.002658878,0.020548027,7.2876654,-47.428627,170.51913,1.1783706,22.31464,741.07587,1.4764187,0,76,988.0204,24.878174,41.26851015,-74.08763102,
9/16/2025 15:10,85.64687,8.70089,102.74529,0.002654249,0.020366114,7.2889695,-47.502758,170.44891,1.1810228,22.314035,741.07513,1.4761688,0,76,988.0195,24.878736,41.26851694,-74.08762754,
9/16/2025 15:10,85.64934,8.700762,102.74269,0.002649621,0.0201842,7.290274,-47.57689,170.37868,1.1836748,22.313433,741.07446,1.4759189,0,76,988.0185,24.879297,41.26851258,-74.08763028,
9/16/2025 15:10,85.60481,8.708539,102.8077,0.007711511,0.02553019,7.2693863,-46.386383,171.22403,1.127721,22.300875,741.088,1.4775212,0,76,988.0367,24.879412,41.26852046,-74.08762354,
9/16/2025 15:10,85.603874,8.708811,102.80931,0.007957094,0.02567956,7.268872,-46.356964,171.24171,1.1263132,22.300114,741.0887,1.4775808,0,76,988.03754,24.879713,41.26852137,-74.08762702,
9/16/2025 15:10,85.602936,8.709082,102.81091,0.008202678,0.025828933,7.268357,-46.327545,171.2594,1.1249055,22.299355,741.0893,1.4776404,0,76,988.0384,24.880016,41.26852246,-74.08763091,
9/16/2025 15:10,85.60199,8.7093525,102.81252,0.008448261,0.025978306,7.267842,-46.298126,171.27708,1.1234976,22.298594,741.08997,1.4777001,0,76,988.03925,24.880318,41.26852191,-74.08762817,
9/16/2025 15:10,85.61207,8.711598,102.86544,0.014144387,0.023951609,7.2568746,-45.676006,171.52956,1.0795693,22.311024,741.077,1.454548,0,76,988.0219,24.88,41.26852286,-74.08762985,
9/16/2025 15:10,85.61173,8.711822,102.868645,0.014460877,0.02396133,7.2560906,-45.63144,171.5534,1.0768789,22.311289,741.0767,1.4536493,0,76,988.02155,24.88,41.26852429,-74.08762305,
9/16/2025 15:10,85.6114,8.712046,102.87185,0.014777366,0.02397105,7.2553067,-45.586872,171.57726,1.0741886,22.311556,741.0764,1.4527507,0,76,988.0211,24.88,41.26853088,-74.08762092,
9/16/2025 15:10,85.61106,8.712269,102.87505,0.015093856,0.023980768,7.254523,-45.542305,171.6011,1.0714982,22.311821,741.0762,1.4518521,0,76,988.02075,24.88,41.26853164,-74.08761493,
9/16/2025 15:10,85.57849,8.698776,102.69856,0.00324399,0.024520194,7.239592,-44.69126,172.17844,1.0720167,22.302181,741.0628,1.4626906,0,76,988.00305,24.88,41.26852755,-74.08762241,
9/16/2025 15:10,85.57732,8.698266,102.692245,0.002858194,0.024511041,7.2387886,-44.645515,172.20659,1.07128,22.301981,741.0621,1.4627488,0,76,988.0021,24.88,41.2685293,-74.08762344,
9/16/2025 15:10,85.57613,8.697756,102.68593,0.002472399,0.024501888,7.237985,-44.599773,172.23476,1.0705434,22.30178,741.06134,1.462807,0,76,988.00104,24.88,41.26852947,-74.08762188,
9/16/2025 15:10,85.57495,8.697246,102.67961,0.002086604,0.024492735,7.237182,-44.554028,172.26291,1.0698068,22.30158,741.0606,1.4628654,0,76,988.00006,24.88,41.26852885,-74.08762062,
9/16/2025 15:10,85.59756,8.691063,102.58315,0.006432919,0.026860453,7.2565446,-45.654053,171.34279,1.3470924,22.29056,741.07355,1.4646262,0,76,988.0173,24.89699,41.26853319,-74.08761619,
9/16/2025 15:10,85.59787,8.690584,102.57626,0.006399175,0.026964346,7.257036,-45.68194,171.31694,1.3580266,22.289955,741.07385,1.4648789,0,76,988.01764,24.897661,41.26853216,-74.08761564,
9/16/2025 15:10,85.59818,8.6901045,102.56938,0.00636543,0.027068239,7.257528,-45.709824,171.29109,1.3689607,22.28935,741.0741,1.4651318,0,76,988.018,24.898333,41.26853415,-74.08762249,
9/16/2025 15:11,85.59849,8.689625,102.56249,0.006331686,0.027172131,7.2580194,-45.73771,171.26524,1.3798949,22.288746,741.0744,1.4653845,0,76,988.0184,24.899004,41.26853533,-74.08761005,
9/16/2025 15:11,85.62919,8.692036,102.58574,0.004291302,0.024244482,7.264191,-46.088623,170.95009,1.2335836,22.287127,741.08765,1.4705067,0,76,988.03613,24.899292,41.26853629,-74.08760724,
9/16/2025 15:11,85.6308,8.692026,102.58503,0.004271399,0.024162378,7.2647476,-46.120228,170.92262,1.2320536,22.286877,741.0884,1.4707482,0,76,988.0371,24.89958,41.26853448,-74.08762046,
9/16/2025 15:11,85.632416,8.692017,102.58431,0.004251496,0.024080276,7.2653036,-46.151833,170.89514,1.2305238,22.286627,741.0891,1.4709898,0,76,988.03815,24.899868,41.26853456,-74.0876184,
9/16/2025 15:11,85.634026,8.692007,102.5836,0.004231593,0.023998175,7.2658596,-46.183434,170.86768,1.2289939,22.286377,741.08984,1.4712313,0,76,988.0391,24.900156,41.26853455,-74.0876172,
9/16/2025 15:11,85.65015,8.698493,102.68308,0.01064179,0.021891858,7.27837,-46.896996,170.16063,1.1282935,22.297522,741.08344,1.4617596,0,76,988.0306,24.908472,41.26854077,-74.08761284,
9/16/2025 15:11,85.65132,8.69879,102.68741,0.010858965,0.021756604,7.278975,-46.9315,170.12695,1.1217188,22.297935,741.08344,1.4614747,0,76,988.0305,24.908812,41.26854269,-74.08761024,
9/16/2025 15:11,85.652504,8.699087,102.691734,0.011076139,0.02162135,7.2795806,-46.966003,170.09328,1.1151439,22.298347,741.0834,1.4611896,0,76,988.0305,24.90915,41.26853936,-74.08761997,
9/16/2025 15:11,85.65368,8.699385,102.69607,0.011293314,0.021486096,7.2801857,-47.000507,170.0596,1.1085691,22.298761,741.0834,1.4609047,0,76,988.03046,24.909487,41.26853324,-74.087619,
9/16/2025 15:11,85.61575,8.695475,102.66033,0.017196614,0.022943605,7.2731576,-46.601498,170.09586,1.1544155,22.304441,741.0895,1.7454777,0,76,988.0386,24.909636,41.2685314,-74.08762253,
9/16/2025 15:11,85.61447,8.69542,102.660484,0.017544499,0.02296795,7.2730784,-46.597076,170.08546,1.1546166,22.304855,741.0896,1.7570566,0,76,988.0388,24.90978,41.26853373,-74.08762275,
9/16/2025 15:11,85.61319,8.695365,102.660645,0.017892383,0.022992294,7.273,-46.59266,170.07507,1.1548177,22.305271,741.0898,1.7686356,0,76,988.039,24.909925,41.26853375,-74.08762102,
9/16/2025 15:11,85.611916,8.695311,102.6608,0.018240267,0.02301664,7.272921,-46.58824,170.0647,1.1550188,22.305685,741.0899,1.7802145,0,76,988.0392,24.91007,41.26853837,-74.08762381,
9/16/2025 15:11,85.59084,8.693124,102.58786,0.005611564,0.024467096,7.1911383,-41.931362,174.64735,1.121432,22.28139,741.08374,2.7039285,0,76,988.03094,24.91,41.26853866,-74.08762157,
9/16/2025 15:11,85.58934,8.692968,102.58432,0.005207926,0.024549983,7.187738,-41.73774,174.83168,1.1208484,22.280514,741.08356,2.7459438,0,76,988.03076,24.91,41.2685376,-74.0876112,
9/16/2025 15:11,85.587845,8.692813,102.58078,0.004804288,0.024632873,7.184337,-41.544117,175.01599,1.120265,22.27964,741.08344,2.7879589,0,76,988.0306,24.91,41.2685376,-74.08761109,
9/16/2025 15:11,85.58634,8.692658,102.57724,0.004400649,0.024715763,7.1809363,-41.35049,175.2003,1.1196815,22.278765,741.0833,2.8299742,0,76,988.03033,24.91,41.26853995,-74.08761203,
9/16/2025 15:11,85.574036,8.691319,102.53744,0.008115579,0.027200436,7.2247996,-43.8444,172.43983,1.1399894,22.26744,741.09595,2.8779428,0,76,988.0472,24.918547,41.26854123,-74.08760909,
9/16/2025 15:11,85.573166,8.691228,102.534584,0.008068172,0.027328307,7.225301,-43.872776,172.39896,1.1402955,22.266575,741.0964,2.895113,0,76,988.0477,24.918903,41.26854099,-74.08761223,
9/16/2025 15:11,85.572296,8.691135,102.53173,0.008020764,0.02745618,7.225802,-43.901157,172.3581,1.1406016,22.265707,741.0968,2.9122834,0,76,988.0483,24.919262,41.26854101,-74.0876122,
9/16/2025 15:11,85.57143,8.691043,102.52888,0.007973357,0.02758405,7.2263026,-43.929535,172.31721,1.1409078,22.264841,741.0972,2.9294538,0,76,988.0489,24.919619,41.26854154,-74.08761444,
9/16/2025 15:11,85.593544,8.68897,102.486496,0.005811203,0.025141185,7.244173,-44.944786,171.31763,1.0839906,22.255314,741.09094,2.9161868,0,76,988.0405,24.919651,41.26854169,-74.08761804,
9/16/2025 15:11,85.594215,8.688861,102.48406,0.005791646,0.025086418,7.245683,-45.03062,171.22763,1.0820537,22.254728,741.0909,2.9164832,0,76,988.04047,24.919804,41.26853768,-74.08761884,
9/16/2025 15:11,85.594894,8.688753,102.481636,0.005772088,0.025031649,7.2471933,-45.116455,171.13762,1.0801169,22.254143,741.0909,2.9167798,0,76,988.04047,24.919956,41.26853934,-74.08761984,
9/16/2025 15:11,85.595566,8.688644,102.4792,0.00575253,0.02497688,7.248704,-45.20229,171.04762,1.0781801,22.253557,741.0908,2.917076,0,76,988.0404,24.92011,41.26854045,-74.08761787,
9/16/2025 15:11,85.60334,8.682083,102.39666,0.008941402,0.027606074,7.2535653,-45.47843,170.57518,1.1210284,22.250883,741.0906,2.8967829,0,76,988.0401,24.92,41.26853806,-74.08761644,
9/16/2025 15:11,85.60402,8.681783,102.39259,0.009033883,0.027672272,7.2540727,-45.507263,170.53857,1.1218038,22.250607,741.09045,2.8958693,0,76,988.0399,24.92,41.26853652,-74.08761389,
9/16/2025 15:11,85.6047,8.681482,102.38853,0.009126363,0.027738469,7.25458,-45.536095,170.50195,1.122579,22.25033,741.09033,2.8949559,0,76,988.0398,24.92,41.26853944,-74.08761542,
9/16/2025 15:11,85.60538,8.681183,102.38446,0.009218844,0.027804667,7.255088,-45.564926,170.46535,1.1233543,22.250053,741.0902,2.8940425,0,76,988.0396,24.92,41.26853861,-74.08761833,
9/16/2025 15:11,85.60405,8.674988,102.3166,0.006318864,0.023632916,7.24941,-45.242126,170.70181,1.1072326,22.251406,741.07117,2.9149551,0,76,988.01416,24.92852,41.26853706,-74.08762062,
9/16/2025 15:12,85.60412,8.67462,102.312386,0.006248808,0.023499664,7.2492585,-45.233494,170.70355,1.1072506,22.251417,741.0704,2.9155169,0,76,988.01306,24.92888,41.26853805,-74.08761554,
9/16/2025 15:12,85.60419,8.674251,102.30817,0.006178752,0.023366414,7.2491064,-45.22486,170.70529,1.1072686,22.251429,741.0696,2.9160788,0,76,988.01196,24.929241,41.26853779,-74.08761485,
9/16/2025 15:12,85.604256,8.673882,102.30395,0.006108696,0.023233162,7.248955,-45.216232,170.70703,1.1072866,22.25144,741.0688,2.9166405,0,76,988.0109,24.929602,41.26854088,-74.08761517,
9/16/2025 15:12,85.60873,8.670845,102.26673,0.006265114,0.025648538,7.2454953,-45.019444,170.77957,1.1085553,22.251574,741.0813,2.904288,0,76,988.0277,24.929647,41.26854017,-74.08761122,
9/16/2025 15:12,85.60889,8.67061,102.26401,0.006218664,0.025672158,7.245252,-45.00561,170.7868,1.1083035,22.251602,741.0815,2.904159,0,76,988.0279,24.9298,41.26854272,-74.08761161,
9/16/2025 15:12,85.60905,8.670377,102.26128,0.006172215,0.025695777,7.245009,-44.991776,170.79404,1.1080518,22.25163,741.08167,2.9040303,0,76,988.02814,24.929955,41.26854352,-74.08760705,
9/16/2025 15:12,85.60921,8.670142,102.258545,0.006125765,0.025719395,7.2447658,-44.977943,170.80127,1.1078001,22.251661,741.08185,2.9039013,0,76,988.0284,24.930109,41.26854032,-74.08760834,
9/16/2025 15:12,85.60823,8.6703415,102.263306,0.016007623,0.031956486,7.240517,-44.736244,171.05038,1.1524248,22.251585,741.06335,2.891412,0,76,988.0038,24.93,41.26853723,-74.08761233,
9/16/2025 15:12,85.60827,8.670294,102.26283,0.016408674,0.032248218,7.2402844,-44.723003,171.06174,1.1542466,22.251585,741.06287,2.8907037,0,76,988.00305,24.93,41.26853639,-74.0876111,
9/16/2025 15:12,85.60831,8.670247,102.26235,0.016809724,0.032539945,7.2400513,-44.709766,171.0731,1.1560682,22.251585,741.0623,2.8899953,0,76,988.0024,24.93,41.26853635,-74.08760969,
9/16/2025 15:12,85.608345,8.6702,102.26187,0.017210774,0.032831673,7.2398186,-44.696526,171.08447,1.15789,22.251585,741.06177,2.889287,0,76,988.00165,24.93,41.26853693,-74.08760919,
9/16/2025 15:12,85.608376,8.670153,102.26139,0.017611824,0.0331234,7.239586,-44.683285,171.09584,1.1597116,22.251583,741.0612,2.8885787,0,76,988.0009,24.93,41.26853862,-74.08760771,
9/16/2025 15:12,85.618256,8.672369,102.276215,0.001941794,0.023143286,7.2329383,-44.3043,171.86937,1.1223007,22.246307,741.0675,2.8954756,0,76,988.0093,24.93,41.26853513,-74.08761253,
9/16/2025 15:12,85.61864,8.672457,102.27685,0.001489993,0.02285567,7.2325974,-44.284866,171.9045,1.1215843,22.246096,741.06744,2.8955293,0,76,988.00916,24.93,41.26853332,-74.08761738,
9/16/2025 15:12,85.61902,8.6725445,102.27747,0.001038193,0.02256805,7.232256,-44.26543,171.93962,1.120868,22.245886,741.0674,2.8955832,0,76,988.0091,24.93,41.26853158,-74.08761576,
9/16/2025 15:12,85.61939,8.672632,102.27811,0.000586392,0.022280434,7.231915,-44.245995,171.97475,1.1201515,22.245676,741.0673,2.895637,0,76,988.009,24.93,41.26852828,-74.08761501,
9/16/2025 15:12,85.624344,8.679615,102.35372,0.011546466,0.02490069,7.2475266,-45.13345,170.95647,1.1060231,22.241262,741.0545,3.5690784,0,76,987.992,24.93,41.2685289,-74.08761608,
9/16/2025 15:12,85.62472,8.679929,102.35697,0.011719196,0.024838561,7.248027,-45.16188,170.9296,1.1048529,22.240997,741.05414,3.595901,0,76,987.99146,24.93,41.2685289,-74.08761608,
9/16/2025 15:12,85.625084,8.680243,102.360214,0.011891927,0.024776433,7.2485275,-45.190308,170.90271,1.1036828,22.24073,741.0537,3.6227236,0,76,987.9909,24.93,41.2685289,-74.08761608,
9/16/2025 15:12,85.62545,8.680557,102.36346,0.012064657,0.024714304,7.2490277,-45.21874,170.87584,1.1025126,22.240465,741.0533,3.6495461,0,76,987.99036,24.93,41.2685334,-74.08761012,
9/16/2025 15:12,85.580986,8.640739,101.850266,0.006208609,0.025618743,7.1976113,-42.290886,173.72572,1.10239,22.220581,741.0857,4.2298946,0,76,988.03357,24.938663,41.26853644,-74.08761223,
9/16/2025 15:12,85.57933,8.63929,101.83133,0.006154448,0.025692357,7.1958427,-42.190144,173.8215,1.1021236,22.219717,741.08673,4.2643423,0,76,988.035,24.939005,41.26853644,-74.08761223,
9/16/2025 15:12,85.57767,8.63784,101.812386,0.006100286,0.025765972,7.194074,-42.089405,173.91728,1.1018571,22.218851,741.08777,4.29879,0,76,988.0364,24.939346,41.26853644,-74.08761223,
9/16/2025 15:12,85.576004,8.636392,101.79345,0.006046124,0.025839586,7.192305,-41.988663,174.01306,1.1015906,22.217987,741.08887,4.3332376,0,76,988.0378,24.939688,41.2685453,-74.08761502,
9/16/2025 15:12,85.567505,8.573629,100.99621,0.008508146,0.03298871,7.199237,-42.37885,173.62099,1.122715,22.189276,741.10223,4.315822,0,76,988.05554,24.948397,41.26854774,-74.08761457,
9/16/2025 15:12,85.56642,8.57045,100.95568,0.008511968,0.033289235,7.198661,-42.345863,173.65262,1.1235355,22.187786,741.1033,4.3254347,0,76,988.057,24.948893,41.26854661,-74.08761404,
9/16/2025 15:12,85.56534,8.567271,100.91516,0.008515791,0.03358976,7.198085,-42.312874,173.68425,1.1243562,22.186295,741.1044,4.3350472,0,76,988.0584,24.949387,41.26854672,-74.08760828,
9/16/2025 15:12,85.56426,8.564092,100.87464,0.008519614,0.033890292,7.1975083,-42.27989,173.71588,1.1251768,22.184805,741.10547,4.34466,0,76,988.0598,24.949883,41.26854931,-74.08761037,
9/16/2025 15:12,85.60394,8.515225,100.28728,0.007526968,0.028445743,7.195851,-42.184406,173.7792,1.1436092,22.176336,741.07214,4.117723,0,76,988.01544,24.940985,41.26854984,-74.08760837,
9/16/2025 15:12,85.605385,8.512135,100.249374,0.007528432,0.02834833,7.1958737,-42.185585,173.77661,1.144717,22.175484,741.07104,4.108792,0,76,988.0139,24.940779,41.26854867,-74.0876093,
9/16/2025 15:13,85.60682,8.509045,100.211464,0.007529897,0.028250918,7.195896,-42.18676,173.774,1.1458249,22.174631,741.06995,4.09986,0,76,988.01245,24.94057,41.26854556,-74.0876108,
9/16/2025 15:13,85.60826,8.505954,100.17356,0.007531362,0.028153507,7.195919,-42.187935,173.7714,1.1469328,22.173779,741.06885,4.090929,0,76,988.011,24.940365,41.26854418,-74.08761202,
9/16/2025 15:13,85.63232,8.481891,99.90766,0.012169592,0.030778585,7.188136,-41.746487,173.94283,1.1111081,22.18236,741.0624,4.110884,0,76,988.0025,24.948872,41.26854418,-74.08761202,
9/16/2025 15:13,85.63394,8.480015,99.88598,0.01233348,0.03079006,7.1877923,-41.72696,173.9512,1.1100533,22.182514,741.0616,4.107787,0,76,988.0014,24.949055,41.26855144,-74.08761404,
9/16/2025 15:13,85.635574,8.478139,99.864296,0.012497368,0.030801535,7.1874485,-41.707436,173.95956,1.1089987,22.182669,741.0607,4.1046896,0,76,988.0003,24.949238,41.2685525,-74.08761015,
9/16/2025 15:13,85.6372,8.476263,99.84261,0.012661256,0.030813009,7.187105,-41.68791,173.96794,1.1079439,22.182823,741.05994,4.101592,0,76,987.9992,24.94942,41.26855163,-74.08760554,
9/16/2025 15:13,85.6361,8.475966,99.83507,0.020741928,0.026650311,7.1958437,-42.1847,173.48596,1.1815472,22.18123,741.0671,4.0953393,0,76,988.00867,24.949677,41.26855284,-74.08760482,
9/16/2025 15:13,85.63648,8.475489,99.82953,0.02114181,0.026523486,7.1960664,-42.19737,173.46942,1.1839359,22.181288,741.0672,4.0951962,0,76,988.00885,24.949821,41.26855084,-74.08760244,
9/16/2025 15:13,85.63687,8.475011,99.824,0.021541694,0.026396662,7.196289,-42.210037,173.45288,1.1863247,22.181347,741.0674,4.0950527,0,76,988.00903,24.949965,41.26854919,-74.08760082,
9/16/2025 15:13,85.63726,8.474533,99.81846,0.021941576,0.026269836,7.1965117,-42.222706,173.43634,1.1887134,22.181404,741.0675,4.094909,0,76,988.0093,24.95011,41.26854641,-74.08759864,
9/16/2025 15:13,85.63557,8.479507,99.86721,0.011806605,0.031005003,7.164749,-40.415344,175.1729,1.1666056,22.175386,741.0546,4.080628,0,76,987.99207,24.95,41.26854519,-74.08760124,
9/16/2025 15:13,85.6355,8.479677,99.868744,0.011534289,0.03112532,7.163606,-40.35028,175.23523,1.1669546,22.175114,741.0542,4.079872,0,76,987.9915,24.95,41.26854591,-74.08760166,
9/16/2025 15:13,85.63544,8.479847,99.87028,0.011261971,0.03124564,7.1624627,-40.285217,175.29758,1.1673036,22.174843,741.0538,4.0791163,0,76,987.99097,24.95,41.26854551,-74.0876023,
9/16/2025 15:13,85.63537,8.480018,99.87181,0.010989653,0.031365957,7.1613193,-40.220154,175.35991,1.1676525,22.174572,741.05334,4.0783606,0,76,987.9904,24.95,41.26854407,-74.08760227,
9/16/2025 15:13,85.632996,8.491186,100.00234,0.00823248,0.029733744,7.147856,-39.454433,175.89487,1.1819592,22.17451,741.0597,4.0738783,0,76,987.9989,24.958632,41.2685401,-74.08760084,
9/16/2025 15:13,85.63287,8.491717,100.00838,0.007950855,0.029748235,7.1467648,-39.39233,175.94638,1.1821883,22.174402,741.05975,4.0734468,0,76,987.99896,24.958979,41.26853621,-74.08760261,
9/16/2025 15:13,85.63275,8.492248,100.01442,0.00766923,0.029762726,7.1456733,-39.330227,175.9979,1.1824173,22.174295,741.0598,4.073015,0,76,987.999,24.959328,41.26853447,-74.08760887,
9/16/2025 15:13,85.63263,8.492779,100.02046,0.007387605,0.029777218,7.1445813,-39.268124,176.04941,1.1826464,22.174189,741.0598,4.0725837,0,76,987.9991,24.959675,41.26853289,-74.08760436,
9/16/2025 15:13,85.619865,8.468156,99.72805,0.011372634,0.032203417,7.134956,-38.720375,176.58125,1.147015,22.172007,741.04706,4.0726624,0,76,987.98206,24.951044,41.26853159,-74.087603,
9/16/2025 15:13,85.61931,8.467349,99.71842,0.011482291,0.032276362,7.1343126,-38.68377,176.6132,1.1458155,22.171913,741.0467,4.072575,0,76,987.9815,24.950842,41.26853325,-74.08760486,
9/16/2025 15:13,85.618744,8.466542,99.7088,0.011591949,0.032349307,7.1336694,-38.647163,176.64516,1.144616,22.171818,741.04626,4.0724883,0,76,987.98096,24.95064,41.26853482,-74.08760614,
9/16/2025 15:13,85.61819,8.465735,99.69917,0.011701605,0.032422252,7.1330256,-38.610558,176.67711,1.1434166,22.171724,741.04584,4.0724015,0,76,987.9804,24.950436,41.26853572,-74.08761726,
9/16/2025 15:13,85.64376,8.473254,99.80159,0.003524041,0.02980371,7.151439,-39.658875,175.60858,1.1658807,22.179422,741.0521,4.0819693,0,76,987.98883,24.967306,41.26853572,-74.08761726,
9/16/2025 15:13,85.64454,8.473124,99.80055,0.00326949,0.029744435,7.151972,-39.689186,175.57704,1.1661347,22.179684,741.0522,4.0823374,0,76,987.98883,24.96782,41.26853572,-74.08761726,
9/16/2025 15:13,85.64531,8.472993,99.79951,0.003014938,0.02968516,7.152504,-39.7195,175.54549,1.1663888,22.179945,741.0522,4.0827055,0,76,987.9889,24.968334,41.26853572,-74.08761726,
9/16/2025 15:13,85.64609,8.472862,99.79846,0.002760387,0.029625885,7.1530366,-39.749813,175.51393,1.1666429,22.180204,741.0522,4.083074,0,76,987.9889,24.968847,41.26853572,-74.08761726,
9/16/2025 15:13,85.561,8.4542885,99.522804,0.009855599,0.029256653,7.1102014,-37.309994,178.38724,1.1318523,22.15232,741.0783,4.6893663,0,76,988.0237,24.977861,41.26853572,-74.08761726,
9/16/2025 15:13,85.557915,8.453636,99.51301,0.010016514,0.029200831,7.108734,-37.226425,178.48813,1.1307694,22.151302,741.07947,4.7143097,0,76,988.0252,24.978497,41.26853572,-74.08761726,
9/16/2025 15:13,85.55484,8.452983,99.50321,0.010177429,0.02914501,7.107267,-37.14286,178.58902,1.1296864,22.150284,741.0806,4.739253,0,76,988.0268,24.979134,41.26853572,-74.08761726,
9/16/2025 15:13,85.55176,8.452331,99.493416,0.010338344,0.029089188,7.1058,-37.05929,178.68991,1.1286035,22.149265,741.0818,4.7641964,0,76,988.0283,24.979769,41.26853572,-74.08761726,
9/16/2025 15:14,85.46155,8.294165,97.510994,0.015745074,0.02273459,7.093131,-36.33081,179.60709,1.07562,22.083994,741.0691,4.9385467,0,76,988.01135,24.988184,41.26853572,-74.08761726,
9/16/2025 15:14,85.456436,8.287463,97.42626,0.016087038,0.0224728,7.091874,-36.25894,179.69409,1.072872,22.08088,741.06903,4.956103,0,76,988.0112,24.988676,41.26853049,-74.08762507,
9/16/2025 15:14,85.45132,8.280763,97.34153,0.016429005,0.022211013,7.090617,-36.187073,179.78108,1.0701239,22.077765,741.069,4.9736586,0,76,988.01117,24.98917,41.26853111,-74.08762883,
9/16/2025 15:14,85.446205,8.274062,97.256805,0.016770972,0.021949224,7.08936,-36.115204,179.86807,1.0673759,22.07465,741.0689,4.9912148,0,76,988.01105,24.989664,41.26853349,-74.08762689,
9/16/2025 15:14,85.53432,8.032768,94.37779,0.003316653,0.019017648,7.0280952,-32.629173,183.44487,1.131152,22.049091,741.04254,5.1284013,0,76,987.97595,24.99825,41.26853349,-74.08762689,
9/16/2025 15:14,85.536415,8.020144,94.22555,0.002853706,0.018789737,7.0253334,-32.47187,183.6093,1.1328862,22.04693,741.04126,5.137288,0,76,987.97424,24.99875,41.26853449,-74.08763054,
9/16/2025 15:14,85.538506,8.007522,94.07331,0.002390759,0.018561825,7.022571,-32.314564,183.77373,1.1346203,22.04477,741.04,5.1461744,0,76,987.97253,24.999252,41.26853367,-74.0876316,
9/16/2025 15:14,85.540596,7.9948974,93.921074,0.001927812,0.018333914,7.019809,-32.15726,183.93814,1.1363544,22.04261,741.0387,5.155061,0,76,987.97076,24.999754,41.2685315,-74.08763505,
9/16/2025 15:14,85.350334,7.8888416,92.60664,0.000724615,0.014286312,7.0066404,-31.404575,184.5997,1.1380574,22.004038,741.0388,5.6238613,0,76,987.97095,24.999664,41.26853288,-74.08762737,
9/16/2025 15:14,85.344215,7.880282,92.50251,0.000441749,0.014070511,7.0050163,-31.312046,184.69034,1.1392308,22.002016,741.0383,5.645283,0,76,987.97034,24.999817,41.26853503,-74.08762575,
9/16/2025 15:14,85.3381,7.871722,92.39838,0.000158883,0.01385471,7.0033927,-31.219515,184.78096,1.1404042,21.999994,741.0379,5.6667047,0,76,987.9697,24.99997,41.26853501,-74.08762194,
9/16/2025 15:14,85.33197,7.8631625,92.29424,0,0.013638909,7.001769,-31.126986,184.87158,1.1415777,21.997972,741.0374,5.6881266,0,76,987.9691,25.00012,41.26853478,-74.08762316,
9/16/2025 15:14,85.34136,7.8941746,92.61466,0.002616212,0.019120166,6.992691,-30.60866,184.83804,1.0956897,21.975496,741.0633,5.4581084,0,76,988.0036,24.99153,41.26853576,-74.08762063,
9/16/2025 15:14,85.33861,7.893502,92.6038,0.002700794,0.019271927,6.992068,-30.573072,184.84985,1.0938847,21.973917,741.06433,5.4567103,0,76,988.00494,24.991186,41.26853699,-74.08762364,
9/16/2025 15:14,85.33585,7.89283,92.59293,0.002785376,0.019423688,6.9914446,-30.537485,184.86166,1.0920799,21.972338,741.0653,5.4553123,0,76,988.00635,24.990843,41.26853653,-74.08762339,
9/16/2025 15:14,85.3331,7.892158,92.58207,0.002869958,0.019575449,6.9908214,-30.501898,184.87347,1.090275,21.970758,741.06635,5.453914,0,76,988.0077,24.9905,41.26853742,-74.08762296,
9/16/2025 15:14,85.424736,7.9052935,92.72162,0.010020145,0.018083252,6.952543,-28.325321,186.33429,1.1018592,21.960371,741.03503,5.460115,0,76,987.96594,24.981936,41.26853708,-74.08761784,
9/16/2025 15:14,85.42863,7.906283,92.73189,0.010353508,0.018113598,6.950819,-28.227264,186.39401,1.1015751,21.959562,741.0342,5.456577,0,76,987.96484,24.981445,41.26853926,-74.08761695,
9/16/2025 15:14,85.43251,7.9072723,92.742165,0.01068687,0.018143944,6.9490952,-28.129208,186.45372,1.1012911,21.958754,741.0333,5.453038,0,76,987.9637,24.980955,41.26854314,-74.0876159,
9/16/2025 15:14,85.4364,7.9082623,92.75243,0.011020232,0.01817429,6.9473715,-28.03115,186.51344,1.101007,21.957945,741.0325,5.4495,0,76,987.9626,24.980465,41.26854496,-74.0876111,
9/16/2025 15:14,85.42751,7.959554,93.33504,0.01070224,0.019348606,6.954479,-28.434181,185.6224,1.0884572,21.948282,741.04443,5.436024,0,76,987.9785,24.988842,41.26854247,-74.08760771,
9/16/2025 15:14,85.42866,7.961874,93.361206,0.01080876,0.019371776,6.954129,-28.414238,185.61023,1.0881319,21.947704,741.0444,5.4356194,0,76,987.97845,24.989044,41.26854081,-74.08760522,
9/16/2025 15:14,85.4298,7.9641933,93.38738,0.010915279,0.019394947,6.953779,-28.394295,185.59807,1.0878067,21.947128,741.0444,5.4352145,0,76,987.97845,24.989244,41.26854443,-74.0876015,
9/16/2025 15:14,85.43095,7.966513,93.41355,0.011021799,0.019418117,6.953429,-28.374352,185.5859,1.0874814,21.94655,741.0443,5.43481,0,76,987.9784,24.989447,41.26854628,-74.08760137,
9/16/2025 15:14,85.421425,8.023059,94.07379,0.001725672,0.015494006,6.953159,-28.35893,185.10448,1.1214914,21.945986,741.0574,5.447571,0,76,987.9958,24.98962,41.26854295,-74.08760589,
9/16/2025 15:14,85.42088,8.026262,94.110916,0.001338418,0.01535345,6.953268,-28.365128,185.06947,1.1226695,21.945795,741.05817,5.4478364,0,76,987.9968,24.989769,41.26854457,-74.08760309,
9/16/2025 15:14,85.42034,8.029466,94.14804,0.000951164,0.015212894,6.9533777,-28.371326,185.03445,1.1238475,21.945604,741.0589,5.4481025,0,76,987.9978,24.989918,41.26854373,-74.08760574,
9/16/2025 15:14,85.4198,8.03267,94.18516,0.00056391,0.015072338,6.953487,-28.377523,184.99944,1.1250255,21.945414,741.05963,5.4483685,0,76,987.9988,24.990068,41.26854553,-74.08760233,
9/16/2025 15:14,85.433205,8.065542,94.566635,0.019349016,0.017526144,6.9843698,-30.132502,183.22815,1.122654,21.944107,741.07245,5.4389563,0,76,988.0158,24.99,41.26854581,-74.08760151,
9/16/2025 15:14,85.43361,8.067869,94.59371,0.019971352,0.017561369,6.9856424,-30.204813,183.1466,1.1231319,21.94404,741.0732,5.438782,0,76,988.01685,24.99,41.2685441,-74.08760209,
9/16/2025 15:15,85.43401,8.070197,94.62079,0.020593686,0.017596591,6.986915,-30.277124,183.06508,1.1236098,21.943975,741.0739,5.438608,0,76,988.0178,24.99,41.2685439,-74.08759858,
9/16/2025 15:15,85.43442,8.072525,94.647865,0.02121602,0.017631814,6.9881873,-30.349438,182.98354,1.1240877,21.943909,741.0747,5.4384336,0,76,988.0188,24.99,41.26854041,-74.08760282,
9/16/2025 15:15,85.44018,8.085292,94.79565,0.008769793,0.017177133,6.9776974,-29.753082,183.47916,1.1197643,21.941969,741.0621,5.416375,0,76,988.0021,24.99,41.26853919,-74.08759489,
9/16/2025 15:15,85.44064,8.086393,94.808395,0.008582875,0.017200863,6.977801,-29.758963,183.46878,1.1195455,21.941866,741.0618,5.4153056,0,76,988.0017,24.99,41.2685371,-74.08759323,
9/16/2025 15:15,85.44111,8.087494,94.82115,0.008395957,0.017224593,6.9779043,-29.764843,183.45839,1.1193265,21.941761,741.0615,5.414236,0,76,988.0013,24.99,41.26853553,-74.0876024,
9/16/2025 15:15,85.441574,8.088594,94.83391,0.008209039,0.017248323,6.9780083,-29.770723,183.44801,1.1191075,21.941658,741.0612,5.4131665,0,76,988.0009,24.99,41.26853457,-74.08760145,
9/16/2025 15:15,85.52072,8.096206,94.91013,0.008365015,0.021065507,6.964888,-29.024324,184.05649,1.1101632,21.933647,741.0483,5.412267,0,76,987.98364,24.981594,41.26853156,-74.0875967,
9/16/2025 15:15,85.52408,8.096746,94.91589,0.008162444,0.02121464,6.964175,-28.983776,184.0896,1.1097264,21.933285,741.04755,5.4118576,0,76,987.98267,24.981249,41.26853077,-74.08761079,
9/16/2025 15:15,85.52743,8.097286,94.92166,0.007959873,0.021363774,6.9634624,-28.943226,184.12271,1.1092895,21.932922,741.0468,5.4114485,0,76,987.9817,24.980904,41.26852829,-74.08760848,
9/16/2025 15:15,85.530785,8.097827,94.92743,0.007757302,0.021512907,6.9627495,-28.902678,184.1558,1.1088527,21.93256,741.0461,5.4110394,0,76,987.9807,24.980558,41.26853002,-74.08760304,
9/16/2025 15:15,85.534134,8.098367,94.93319,0.007554732,0.02166204,6.9620366,-28.862127,184.18892,1.108416,21.932198,741.0453,5.41063,0,76,987.97974,24.980211,41.26852967,-74.08760719,
9/16/2025 15:15,85.52456,8.031084,94.1586,0.004254805,0.017380184,6.956165,-28.529139,184.3997,1.0807835,21.939508,741.0391,5.932874,0,76,987.9714,24.98901,41.26852848,-74.08761207,
9/16/2025 15:15,85.52559,8.028557,94.1293,0.004121263,0.017277956,6.9556956,-28.502472,184.41898,1.0795221,21.939655,741.03864,5.9536138,0,76,987.9707,24.98921,41.26852879,-74.08760775,
9/16/2025 15:15,85.52663,8.026029,94.1,0.00398772,0.017175727,6.955226,-28.475807,184.43826,1.0782609,21.939802,741.03815,5.974353,0,76,987.9701,24.989408,41.26852743,-74.0876096,
9/16/2025 15:15,85.527664,8.023501,94.070694,0.003854178,0.017073497,6.9547567,-28.449142,184.45755,1.0769995,21.939947,741.03766,5.9950924,0,76,987.9694,24.989609,41.26852752,-74.08760548,
9/16/2025 15:15,85.31484,7.8754435,92.184685,0.002795215,0.018425154,6.8763304,-23.985435,189.96425,1.1011968,21.855085,741.0315,6.64413,0,76,987.9613,24.989737,41.26852623,-74.08760122,
9/16/2025 15:15,85.306404,7.8684797,92.09738,0.002691862,0.018407516,6.8731346,-23.803555,190.18475,1.1016569,21.851873,741.0311,6.6786427,0,76,987.9608,24.989885,41.26852439,-74.08760424,
9/16/2025 15:15,85.297966,7.861516,92.01008,0.002588509,0.01838988,6.8699384,-23.621674,190.40527,1.1021171,21.848661,741.03076,6.7131553,0,76,987.9603,24.990034,41.26852543,-74.08759929,
9/16/2025 15:15,85.28953,7.8545527,91.922775,0.002485157,0.018372245,6.8667426,-23.43979,190.6258,1.1025772,21.84545,741.0304,6.747668,0,76,987.95984,24.990185,41.26852134,-74.08760319,
9/16/2025 15:15,85.28775,7.6767697,89.75152,0.010683191,0.016193146,6.84864,-22.407675,191.33018,1.0488468,21.796272,741.07623,7.1112556,0,76,988.0209,24.9987,41.26851474,-74.08760777,
9/16/2025 15:15,85.28414,7.6671367,89.63261,0.010989143,0.016126243,6.846593,-22.291092,191.451,1.0470793,21.792892,741.07794,7.1371355,0,76,988.0232,24.999046,41.26851509,-74.08760115,
9/16/2025 15:15,85.280525,7.657503,89.513695,0.011295094,0.01605934,6.844546,-22.17451,191.57182,1.0453118,21.789513,741.07965,7.1630154,0,76,988.02545,24.999393,41.26851414,-74.08760243,
9/16/2025 15:15,85.27691,7.64787,89.394775,0.011601046,0.015992438,6.8424983,-22.057928,191.69264,1.0435443,21.786133,741.08136,7.1888957,0,76,988.0278,24.99974,41.26851564,-74.08760166,
9/16/2025 15:15,85.27316,7.5426188,88.08932,0.011135249,0.016420929,6.853867,-22.700083,190.73692,1.0526243,21.739113,741.0424,7.195189,0,76,987.9758,24.991081,41.26851366,-74.0876048,
9/16/2025 15:15,85.27284,7.5352798,87.998856,0.011256029,0.016399706,6.853949,-22.704517,190.71513,1.0520633,21.736355,741.0417,7.202326,0,76,987.9748,24.990889,41.26851503,-74.08761211,
9/16/2025 15:15,85.27252,7.5279408,87.908394,0.01137681,0.016378485,6.8540306,-22.70895,190.69333,1.0515022,21.733599,741.04095,7.2094626,0,76,987.9738,24.990698,41.26851317,-74.08761507,
9/16/2025 15:15,85.272194,7.5206013,87.81794,0.011497591,0.016357262,6.8541126,-22.713385,190.67152,1.0509411,21.73084,741.04016,7.2165995,0,76,987.9728,24.990505,41.26851204,-74.08761499,
9/16/2025 15:15,85.27187,7.5132623,87.72748,0.011618372,0.01633604,6.854194,-22.71782,190.64972,1.05038,21.728085,741.0394,7.2237363,0,76,987.9718,24.990313,41.26851064,-74.08762012,
9/16/2025 15:15,85.27155,7.5059233,87.637024,0.011739153,0.016314818,6.854276,-22.722252,190.62793,1.0498189,21.725327,741.0387,7.230873,0,76,987.97076,24.990122,41.2685101,-74.08761858,
9/16/2025 15:15,85.271225,7.498584,87.54656,0.011859934,0.016293595,6.854358,-22.726686,190.60612,1.0492579,21.72257,741.0379,7.23801,0,76,987.9698,24.98993,41.26850588,-74.08761901,
9/16/2025 15:16,85.270905,7.491245,87.4561,0.011980714,0.016272373,6.8544397,-22.73112,190.58432,1.0486968,21.719812,741.0372,7.2451468,0,76,987.96875,24.989737,41.26850764,-74.08762189,
9/16/2025 15:16,85.270584,7.483906,87.36565,0.012101496,0.01625115,6.8545218,-22.735554,190.56253,1.0481356,21.717056,741.0364,7.2522836,0,76,987.9678,24.989546,41.26850824,-74.08761949,
9/16/2025 15:16,85.270256,7.4765663,87.275185,0.012222276,0.01622993,6.8546033,-22.739986,190.54073,1.0475745,21.7143,741.03564,7.2594204,0,76,987.96674,24.989353,41.26850698,-74.08762143,
9/16/2025 15:16,85.269936,7.4692273,87.18473,0.012343057,0.016208706,6.8546853,-22.744421,190.51892,1.0470135,21.711542,741.0349,7.266557,0,76,987.96576,24.989162,41.26850673,-74.08762138,
9/16/2025 15:16,85.269615,7.4618883,87.09427,0.012463838,0.016187485,6.8547673,-22.748854,190.49712,1.0464524,21.708786,741.0341,7.273694,0,76,987.9647,24.98897,41.26850333,-74.08761876,
9/16/2025 15:16,85.34317,7.434215,86.76082,0.012657846,0.015862426,,-20.232159,192.75948,1.0889577,21.669807,741.0339,7.182555,0,76,987.96436,25.00066,41.26850384,-74.08762499,
9/16/2025 15:16,85.34525,7.4301033,86.71027,0.012692157,0.01585161,,-20.1626,192.81306,1.0902096,21.667297,741.0332,7.1819596,0,76,987.9635,25.000868,41.26850267,-74.08762474,
9/16/2025 15:16,85.34733,7.425992,86.65973,0.012726469,0.015840793,,-20.093042,192.86667,1.0914614,21.66479,741.03253,7.181364,0,76,987.9626,25.001076,41.2685055,-74.08762335,
9/16/2025 15:16,85.34941,7.4218807,86.609184,0.012760781,0.015829977,,-20.023483,192.92026,1.0927134,21.66228,741.03186,7.1807685,0,76,987.96173,25.001282,41.26849715,-74.08762443,
9/16/2025 15:16,85.36311,7.3986473,86.32503,0.010238874,0.018377895,6.82532,-19.516174,193.20816,1.081124,21.683348,741.07184,7.1850286,0,76,988.0151,24.999727,41.26849256,-74.08762749,
9/16/2025 15:16,85.364525,7.3967757,86.30213,0.010222246,0.018408014,6.8251433,-19.465933,193.24828,1.0815729,21.682625,741.0723,7.184631,0,76,988.01575,24.999878,41.26849258,-74.08763247,
9/16/2025 15:16,85.365944,7.394904,86.27923,0.010205617,0.018438132,6.824967,-19.415691,193.28838,1.0820218,21.681902,741.0729,7.184233,0,76,988.0164,25.00003,41.26849373,-74.08763421,
9/16/2025 15:16,85.367355,7.3930326,86.25633,0.010188989,0.01846825,6.8247905,-19.36545,193.32849,1.0824708,21.68118,741.0734,7.1838355,0,76,988.01715,25.000181,41.26849326,-74.0876334,
9/16/2025 15:16,85.36905,7.3637247,85.894844,0.018930133,0.017044958,6.7982917,-18.8747,193.58998,1.0679747,21.676268,741.04193,7.177331,0,76,987.9751,24.991707,41.26849676,-74.08763082,
9/16/2025 15:16,85.369156,7.362586,85.88081,0.019252947,0.016992679,6.7973866,-18.854845,193.60109,1.0674602,21.676054,741.0408,7.1770735,0,76,987.9736,24.991402,41.26849685,-74.0876315,
9/16/2025 15:16,85.36927,7.361448,85.866776,0.019575758,0.016940402,6.796481,-18.834988,193.6122,1.0669457,21.67584,741.0396,7.176816,0,76,987.97205,24.991095,41.26849417,-74.08763995,
9/16/2025 15:16,85.36938,7.3603096,85.85274,0.01989857,0.016888123,6.7955756,-18.81513,193.62329,1.066431,21.675627,741.03845,7.176559,0,76,987.9705,24.99079,41.26848832,-74.08764553,
9/16/2025 15:16,85.372116,7.3494186,85.71341,0.005531709,0.017527511,6.7855935,-18.342476,193.62993,1.0999467,21.66744,741.0589,7.2142644,0,76,987.9978,24.99893,41.26848452,-74.08765022,
9/16/2025 15:16,85.372086,7.3488836,85.70658,0.005074475,0.017519131,6.78501,-18.321747,193.63017,1.1011438,21.66702,741.0591,7.215727,0,76,987.9981,24.99915,41.26847997,-74.08764375,
9/16/2025 15:16,85.37206,7.3483486,85.69976,0.004617241,0.017510751,6.784426,-18.301018,193.63042,1.102341,21.666601,741.05927,7.21719,0,76,987.99835,24.99937,41.26848224,-74.08764514,
9/16/2025 15:16,85.37203,7.3478136,85.69293,0.004160007,0.017502371,6.7838426,-18.280289,193.63066,1.1035383,21.666182,741.0595,7.2186522,0,76,987.9986,24.99959,41.26847944,-74.08764708,
9/16/2025 15:16,85.38252,7.351738,85.71293,0.006792282,0.015774194,6.777179,-17.097492,194.68211,1.0977365,21.651981,741.0659,7.9726305,0,76,988.0071,24.999636,41.26847558,-74.08764974,
9/16/2025 15:16,85.382965,7.3518167,85.71264,0.006647402,0.015712177,6.7768016,-17.042465,194.72438,1.0980906,21.65126,741.0665,8.004374,0,76,988.0079,24.999786,41.26847743,-74.08765,
9/16/2025 15:16,85.3834,7.3518953,85.71235,0.006502522,0.01565016,6.776424,-16.987438,194.76663,1.0984447,21.65054,741.0671,8.036117,0,76,988.00867,24.999937,41.26847703,-74.08764714,
9/16/2025 15:16,85.383835,7.3519745,85.71205,0.006357642,0.015588144,6.7760463,-16.932411,194.8089,1.0987988,21.649818,741.0677,8.067861,0,76,988.0095,25.000088,41.26847206,-74.08764764,
9/16/2025 15:16,85.398605,7.326672,85.39646,0.007328963,0.017989729,6.7554893,-12.0450535,198.87688,1.2284812,21.637964,741.06757,8.451657,0,76,988.00934,25,41.26846907,-74.08765349,
9/16/2025 15:16,85.39938,7.3257127,85.383995,0.007409622,0.018057864,6.75454,-11.826025,199.06026,1.2336602,21.637238,741.0677,8.48025,0,76,988.00946,25,41.26846798,-74.08765222,
9/16/2025 15:16,85.40017,7.324753,85.37153,0.007490282,0.018126,6.7535906,-11.606997,199.24365,1.2388391,21.63651,741.0678,8.508844,0,76,988.00964,25,41.26846798,-74.08765222,
9/16/2025 15:16,85.40095,7.3237934,85.35906,0.007570942,0.018194133,6.752641,-11.387968,199.42705,1.2440182,21.635782,741.06793,8.537437,0,76,988.00977,25,41.26846798,-74.08765222,
9/16/2025 15:16,85.401726,7.322834,85.34659,0.007651601,0.018262269,6.7516923,-11.16894,199.61044,1.2491971,21.635056,741.06805,8.566031,0,76,988.00995,25,41.26846798,-74.08765222,
9/16/2025 15:17,85.49796,6.9794207,81.13017,0.005125864,0.011745992,6.6627183,-9.290492,200.04042,1.316189,21.498407,741.0679,8.328473,0,76,988.0097,25,41.26847005,-74.0876529,
9/16/2025 15:17,85.50202,6.965454,80.95858,0.005043117,0.011530302,6.6588464,-9.129492,200.12978,1.3211101,21.492805,741.0679,8.326497,0,76,988.0097,25,41.26847517,-74.08764826,
9/16/2025 15:17,85.50608,6.951487,80.78699,0.00496037,0.011314613,6.654974,-8.968492,200.21913,1.3260312,21.487202,741.0679,8.324521,0,76,988.0097,25,41.26847903,-74.08765085,
9/16/2025 15:17,85.51014,6.9375205,80.615395,0.004877623,0.011098923,6.651102,-8.807491,200.3085,1.3309523,21.4816,741.0679,8.322545,0,76,988.0097,25,41.26847807,-74.08765031,
9/16/2025 15:17,85.72646,6.355796,73.7215,0.011592464,0.010291278,6.618534,-6.1719937,200.89772,1.2028364,21.386137,741.0419,8.322403,0,76,987.97504,24.991356,41.26847807,-74.08765031,
9/16/2025 15:17,85.736534,6.327301,73.38127,0.011811926,0.010149783,6.6157236,-6.0324674,200.93216,1.1991249,21.380072,741.04083,8.319007,0,76,987.9737,24.99102,41.26847807,-74.08765031,
9/16/2025 15:17,85.7466,6.2988057,73.041046,0.012031389,0.010008287,6.6129136,-5.8929415,200.9666,1.1954136,21.374006,741.03986,8.315611,0,76,987.97235,24.990685,41.26848247,-74.08764435,
9/16/2025 15:17,85.75667,6.270311,72.70082,0.012250851,0.009866791,6.610103,-5.753415,201.00104,1.1917022,21.367943,741.0388,8.312215,0,76,987.971,24.990349,41.26848315,-74.08764776,
9/16/2025 15:17,85.493614,5.931724,68.775604,0.00739422,0.010394115,6.5623007,-6.472498,199.28658,1.2077469,21.36571,741.0452,8.312482,0,76,987.97955,24.981514,41.2684836,-74.08764904,
9/16/2025 15:17,85.48656,5.908151,68.49966,0.007304846,0.010397459,6.5597415,-6.455206,199.22842,1.2064093,21.363934,741.04504,8.312434,0,76,987.9794,24.981014,41.2684836,-74.08764904,
9/16/2025 15:17,85.4795,5.884578,68.22372,0.007215472,0.010400804,6.557182,-6.4379144,199.17026,1.2050718,21.362158,741.0449,8.3123865,0,76,987.9791,24.980515,41.2684836,-74.08764904,
9/16/2025 15:17,85.47244,5.8610053,67.94777,0.007126098,0.010404148,6.554622,-6.4206223,199.1121,1.2037343,21.360382,741.04474,8.312339,0,76,987.97894,24.980015,41.2684836,-74.08764904,
9/16/2025 15:17,85.47504,5.789957,67.111,0.00103109,0.010452609,6.5679812,-5.667034,198.49417,1.2223133,21.350557,741.0386,8.334154,0,76,987.97064,24.971535,41.26848358,-74.08764914,
9/16/2025 15:17,85.47061,5.780667,67.00262,0.000704758,0.010461277,6.5676136,-5.647668,198.43958,1.2232934,21.350027,741.0384,8.334958,0,76,987.97046,24.971035,41.26848325,-74.08764473,
9/16/2025 15:17,85.46619,5.7713766,66.89423,0.000378427,0.010469946,6.5672464,-5.6283016,198.38498,1.2242736,21.349497,741.03827,8.335762,0,76,987.9703,24.970535,41.26848569,-74.08764449,
9/16/2025 15:17,85.461754,5.7620864,66.78585,5.21E-05,0.010478616,6.5668793,-5.608936,198.3304,1.2252537,21.348967,741.03815,8.336566,0,76,987.9701,24.970036,41.26848569,-74.08764449,
9/16/2025 15:17,85.594955,5.736385,66.47973,0.009998824,0.015206597,6.5540175,-3.3320038,199.7473,1.2301159,21.342165,741.0511,8.336217,0,76,987.9874,24.961529,41.26848633,-74.08764383,
9/16/2025 15:17,85.60011,5.7335773,66.44658,0.010290218,0.015397592,6.5536647,-3.2276106,199.79187,1.2306142,21.341692,741.0515,8.336575,0,76,987.988,24.96103,41.26848547,-74.08764499,
9/16/2025 15:17,85.60528,5.7307696,66.41343,0.010581611,0.015588585,6.5533113,-3.1232173,199.83646,1.2311126,21.341217,741.05194,8.336931,0,76,987.9885,24.960531,41.26848945,-74.08764113,
9/16/2025 15:17,85.610435,5.727962,66.38028,0.010873004,0.015779579,6.552958,-3.0188243,199.88103,1.2316109,21.340742,741.05237,8.337289,0,76,987.9891,24.960032,41.26849174,-74.08764196,
9/16/2025 15:17,85.57844,5.7098484,66.17748,0.004805393,0.012892946,6.5128765,-2.8087845,199.42482,1.1733662,21.347153,741.0393,8.30583,0,76,987.9716,24.960255,41.26849195,-74.08764344,
9/16/2025 15:17,85.57936,5.7084575,66.16148,0.004727615,0.012859558,6.5110335,-2.7603114,199.4299,1.1711341,21.34728,741.039,8.304578,0,76,987.97125,24.960104,41.26849183,-74.08764636,
9/16/2025 15:17,85.58029,5.707066,66.14549,0.004649836,0.012826171,6.50919,-2.7118382,199.435,1.1689022,21.347408,741.0387,8.303326,0,76,987.9708,24.959953,41.26849183,-74.08764636,
9/16/2025 15:17,85.58122,5.705675,66.12949,0.004572057,0.012792783,6.5073466,-2.6633651,199.4401,1.1666701,21.347534,741.0384,8.3020735,0,76,987.9704,24.959803,41.26849183,-74.08764636,
9/16/2025 15:17,85.600334,5.7280765,66.37752,0.006635606,0.014883444,6.5038023,-2.4765847,198.7031,1.2028177,21.33763,741.0447,8.331556,0,76,987.9789,24.951351,41.26849395,-74.08764937,
9/16/2025 15:17,85.60065,5.728578,66.38299,0.006618067,0.014919896,6.5029526,-2.4630759,198.66719,1.2032338,21.337341,741.04474,8.332174,0,76,987.9789,24.95101,41.26848558,-74.08765283,
9/16/2025 15:17,85.60097,5.7290797,66.38846,0.006600529,0.014956348,6.502103,-2.449567,198.63129,1.2036499,21.337053,741.04474,8.332793,0,76,987.97894,24.950668,41.26848558,-74.08765283,
9/16/2025 15:17,85.60129,5.7295814,66.39393,0.006582989,0.014992799,6.501253,-2.4360585,198.5954,1.204066,21.336763,741.0448,8.333411,0,76,987.979,24.950329,41.26848558,-74.08765283,
9/16/2025 15:17,85.65437,5.729214,66.37905,0.005639892,0.012304534,6.497839,-1.9283057,198.48291,1.2367579,21.328993,741.02563,9.565967,0,76,987.9534,24.941645,41.26848558,-74.08765283,
9/16/2025 15:17,85.65683,5.729543,66.38225,0.005634716,0.012231307,6.4976006,-1.9038302,198.46616,1.2386162,21.32852,741.02496,9.615644,0,76,987.9525,24.941153,41.26848558,-74.08765283,
9/16/2025 15:18,85.65929,5.7298717,66.385445,0.005629539,0.012158079,6.497362,-1.8793546,198.4494,1.2404747,21.328047,741.0243,9.665322,0,76,987.95166,24.94066,41.26848558,-74.08765283,
9/16/2025 15:18,85.66175,5.730201,66.38864,0.005624363,0.012084851,6.4971232,-1.854879,198.43265,1.2423332,21.327574,741.0236,9.715001,0,76,987.95074,24.940168,41.26849146,-74.08763826,
9/16/2025 15:18,86.59145,5.655025,65.47849,0.012416407,0.016800854,6.4881954,4.49749,203.19942,1.8848478,21.29548,741.0235,9.828128,0,76,987.9506,24.9403,41.26849685,-74.08763794,
9/16/2025 15:18,86.62946,5.6520243,65.44198,0.012670467,0.016943377,6.4877644,4.7598667,203.38713,1.9110452,21.294064,741.0232,9.8537035,0,76,987.95013,24.940153,41.26849799,-74.08763874,
9/16/2025 15:18,86.667465,5.649024,65.405464,0.012924526,0.017085899,6.4873333,5.022244,203.57484,1.9372427,21.292646,741.0228,9.87928,0,76,987.9497,24.940004,41.26849439,-74.08764145,
9/16/2025 15:18,86.705475,5.6460233,65.36895,0.013178585,0.017228419,6.486902,5.2846212,203.76256,1.9634402,21.29123,741.0225,9.904856,0,76,987.9493,24.939856,41.26849439,-74.08764145,
9/16/2025 15:18,87.449005,4.9057684,56.624084,0.006791944,0.009150336,6.3752403,5.897221,202.51643,2.1064587,21.12964,741.01636,9.8706875,0,76,987.9411,24.94,41.26849439,-74.08764145,
9/16/2025 15:18,87.49452,4.8749456,56.25958,0.006652242,0.008906737,6.3706274,6.0299625,202.54738,2.1231105,21.122637,741.0161,9.872059,0,76,987.94073,24.94,41.26849439,-74.08764145,
9/16/2025 15:18,87.54003,4.844123,55.895077,0.00651254,0.008663138,6.3660145,6.1627035,202.57832,2.1397622,21.115633,741.01587,9.87343,0,76,987.9404,24.94,41.26849439,-74.08764145,
9/16/2025 15:18,87.58554,4.8133,55.53057,0.006372838,0.00841954,6.361401,6.295445,202.60925,2.156414,21.108631,741.0156,9.874802,0,76,987.94006,24.94,41.26849439,-74.08764145,
9/16/2025 15:18,87.71997,4.2439833,48.88819,0.009382405,0.012869008,6.3501062,7.6589355,201.81561,2.1341033,21.027622,741.0349,9.880189,0,76,987.96576,24.931387,41.26849439,-74.08764145,
9/16/2025 15:18,87.73846,4.2084436,48.4717,0.009400082,0.012914843,6.3477626,7.728061,201.7651,2.1359723,21.021605,741.0356,9.8802395,0,76,987.9667,24.93104,41.26848281,-74.08764796,
9/16/2025 15:18,87.75694,4.172904,48.055202,0.009417759,0.012960678,6.3454194,7.7971864,201.7146,2.137841,21.015587,741.03625,9.880291,0,76,987.9676,24.93069,41.26848281,-74.08764796,
9/16/2025 15:18,87.77543,4.137364,47.63871,0.009435437,0.013006513,6.3430758,7.8663116,201.66411,2.1397097,21.009567,741.0369,9.8803425,0,76,987.96844,24.930342,41.26848281,-74.08764796,
9/16/2025 15:18,87.87842,3.7590327,43.250076,0.001389103,0.010480942,6.319103,8.318544,201.03525,2.0266552,20.970354,741.04346,9.876305,0,76,987.9773,24.93032,41.26848281,-74.08764796,
9/16/2025 15:18,87.88544,3.7336988,42.955463,0.001117313,0.010453959,6.3178945,8.362078,200.99701,2.0219676,20.967304,741.04407,9.876259,0,76,987.9781,24.930172,41.26848281,-74.08764796,
9/16/2025 15:18,87.892456,3.708365,42.66085,0.000845522,0.010426976,6.3166857,8.405612,200.95877,2.01728,20.964254,741.0447,9.876212,0,76,987.9788,24.930023,41.26848555,-74.08765037,
9/16/2025 15:18,87.899475,3.683031,42.366234,0.000573732,0.010399993,6.3154774,8.449145,200.92053,2.0125926,20.961205,741.0453,9.876165,0,76,987.9796,24.929873,41.26848718,-74.08764696,
9/16/2025 15:18,87.93098,3.4331245,39.472443,0.002553107,0.010452094,6.3073764,10.034409,201.14575,1.9687353,20.935936,741.06433,9.886408,0,76,988.00494,24.921467,41.26848777,-74.08764617,
9/16/2025 15:18,87.93424,3.4162061,39.276337,0.002497219,0.010412185,6.306614,10.106729,201.14351,1.9650915,20.934177,741.0652,9.886752,0,76,988.0061,24.921124,41.26848638,-74.08764645,
9/16/2025 15:18,87.9375,3.399288,39.08023,0.00244133,0.010372276,6.3058515,10.179048,201.14127,1.9614476,20.932417,741.0661,9.887096,0,76,988.0073,24.92078,41.26848524,-74.08764441,
9/16/2025 15:18,87.94076,3.3823695,38.884125,0.002385441,0.010332366,6.305089,10.251367,201.13902,1.9578037,20.930656,741.06696,9.887441,0,76,988.0085,24.920437,41.268483,-74.08765049,
9/16/2025 15:18,87.95006,3.2147558,36.95141,0.000292758,0.011751746,6.2769694,9.758054,199.3451,1.9400622,20.923643,741.003,9.8819895,0,76,987.9232,24.920347,41.2684884,-74.08765437,
9/16/2025 15:18,87.951035,3.2034736,36.821083,0.000239038,0.011810551,6.275679,9.765165,199.27559,1.9385633,20.9229,741.00073,9.88194,0,76,987.9202,24.9202,41.26848662,-74.08765056,
9/16/2025 15:18,87.95202,3.1921914,36.690758,0.000185317,0.011869355,6.2743893,9.772277,199.20607,1.9370646,20.922157,740.9984,9.881891,0,76,987.9172,24.920053,41.26848631,-74.08765066,
9/16/2025 15:18,87.953,3.1809092,36.560432,0.000131597,0.011928159,6.273099,9.779388,199.13657,1.935566,20.921413,740.99615,9.881843,0,76,987.9142,24.919907,41.26849044,-74.0876454,
9/16/2025 15:18,87.93457,3.0647585,35.223114,8.89E-05,0.011923409,6.28184,10.4371395,198.55615,1.9323174,20.913517,741.04016,9.923366,0,76,987.9729,24.92,41.2684916,-74.08764642,
9/16/2025 15:18,87.934006,3.0570192,35.13394,5.04E-05,0.011946932,6.2817097,10.456077,198.50183,1.9318491,20.913061,741.0409,9.924968,0,76,987.9738,24.92,41.26848946,-74.08764631,
9/16/2025 15:18,87.93345,3.0492797,35.044773,1.20E-05,0.011970456,6.2815795,10.475014,198.44751,1.9313809,20.912605,741.0416,9.926571,0,76,987.9748,24.92,41.26848963,-74.08764123,
9/16/2025 15:18,87.932884,3.0415401,34.9556,0,0.011993979,6.28145,10.493951,198.39317,1.9309126,20.912148,741.0423,9.928174,0,76,987.9757,24.92,41.26848873,-74.08763928,
9/16/2025 15:19,87.97546,2.9754078,34.18725,0,0.010222124,6.2699056,11.749307,198.53192,2.051588,20.902794,741.03076,9.904229,0,76,987.96027,24.911503,41.26849838,-74.08764195,
9/16/2025 15:19,87.976875,2.9706302,34.131954,0,0.010150717,6.2695765,11.811606,198.52704,2.056409,20.902273,741.031,9.903972,0,76,987.96063,24.911158,41.26849686,-74.08763671,
9/16/2025 15:19,87.978294,2.9658525,34.076664,0,0.01007931,6.269248,11.873905,198.52214,2.0612297,20.90175,741.03125,9.903714,0,76,987.961,24.910814,41.26849086,-74.08764298,
9/16/2025 15:19,87.97971,2.961075,34.02137,0,0.010007904,6.268919,11.936205,198.51724,2.0660505,20.901228,741.03156,9.903457,0,76,987.9613,24.91047,41.26849213,-74.0876404,
9/16/2025 15:19,87.95954,2.9100769,33.434147,0.007517167,0.009201354,6.246735,12.882432,198.59389,1.99329,20.898462,741.0499,9.926363,0,76,987.9859,24.910366,41.26850056,-74.08763793,
9/16/2025 15:19,87.959435,2.906811,33.396423,0.007823383,0.00913888,6.2456336,12.942279,198.5988,1.9923571,20.898188,741.0505,9.926905,0,76,987.98663,24.910217,41.2685012,-74.08764301,
9/16/2025 15:19,87.95933,2.903545,33.3587,0.008129598,0.009076405,6.2445326,13.002125,198.60371,1.9914243,20.897913,741.051,9.927446,0,76,987.98737,24.91007,41.26849674,-74.08764468,
9/16/2025 15:19,87.95922,2.9002788,33.32098,0.008435813,0.00901393,6.243431,13.061972,198.60863,1.9904915,20.897638,741.05164,9.927988,0,76,987.9881,24.909924,41.26849801,-74.08764128,
9/16/2025 15:19,88.02802,2.8700893,32.97383,0.00100571,0.010228122,6.2266417,11.863394,196.54117,1.8406812,20.898485,741.02014,9.858199,0,76,987.9461,24.892998,41.26849805,-74.08764124,
9/16/2025 15:19,88.03051,2.8679519,32.949238,0.000827273,0.010264118,6.2255754,11.830443,196.45735,1.8333098,20.89847,741.01917,9.8557205,0,76,987.9448,24.8923,41.26849805,-74.08764124,
9/16/2025 15:19,88.033005,2.8658144,32.924644,0.000648837,0.010300115,6.2245097,11.797492,196.37355,1.8259383,20.898455,741.0182,9.853242,0,76,987.9435,24.8916,41.26850084,-74.08764187,
9/16/2025 15:19,88.03549,2.863677,32.900047,0.0004704,0.010336111,6.223444,11.764542,196.28973,1.8185669,20.89844,741.0172,9.850763,0,76,987.9422,24.8909,41.26849949,-74.08763956,
9/16/2025 15:19,87.99109,2.8398125,32.622143,0.002200815,0.008411717,6.244389,12.816492,196.73224,1.9296693,20.89042,741.0419,11.081193,0,76,987.9751,24.907516,41.26849919,-74.08764697,
9/16/2025 15:19,87.99051,2.8383183,32.60482,0.002142407,0.008355472,6.24493,12.838097,196.71416,1.9315218,20.890112,741.0423,11.129137,0,76,987.9757,24.907887,41.26850152,-74.0876491,
9/16/2025 15:19,87.98993,2.8368242,32.587498,0.002083999,0.008299228,6.245471,12.859702,196.69606,1.9333743,20.889805,741.0427,11.177081,0,76,987.97626,24.908257,41.26849266,-74.08765083,
9/16/2025 15:19,87.98935,2.83533,32.570175,0.002025591,0.008242982,6.2460117,12.881308,196.67798,1.9352268,20.889498,741.04315,11.225025,0,76,987.97687,24.908627,41.2684993,-74.0876432,
9/16/2025 15:19,88.83869,2.7915647,32.031624,0.000250611,0.00596933,6.2275295,15.20723,178.73235,3.6817775,20.834118,741.0695,11.251316,0,76,988.0119,24.900723,41.2684993,-74.0876432,
9/16/2025 15:19,88.87345,2.7893407,32.00452,0.000203927,0.005843638,6.227087,15.3211355,177.9897,3.7564504,20.831676,741.071,11.272139,0,76,988.0139,24.900656,41.2684993,-74.0876432,
9/16/2025 15:19,88.90822,2.7871168,31.977417,0.000157244,0.005717947,6.226645,15.435041,177.24706,3.8311234,20.829235,741.0725,11.292962,0,76,988.01587,24.900589,41.2684993,-74.0876432,
9/16/2025 15:19,88.942986,2.7848928,31.950314,0.000110561,0.005592256,6.2262025,15.548947,176.5044,3.905796,20.826794,741.074,11.313785,0,76,988.0179,24.900522,41.2684993,-74.0876432,
9/16/2025 15:19,99.10284,2.1660092,24.564358,0.39364162,0.03309059,6.18504,11.57706,134.62677,4.0465813,20.20875,741.0552,11.331695,0,76,987.99286,24.900373,41.2684993,-74.0876432,
9/16/2025 15:19,99.53702,2.1397052,24.250154,0.40985286,0.03418684,6.18301,11.45311,132.58524,4.082754,20.182278,741.0549,11.332478,0,76,987.99243,24.900223,41.2684993,-74.0876432,
9/16/2025 15:19,99.97121,2.1134012,23.935951,0.4260641,0.03528309,6.18098,11.329159,130.54369,4.118927,20.155806,741.0545,11.3332615,0,76,987.992,24.90007,41.26850149,-74.08764243,
9/16/2025 15:19,100.40539,2.0870974,23.621748,0.44227535,0.036379337,6.17895,11.205209,128.50214,4.1550994,20.129332,741.0542,11.334044,0,76,987.9916,24.89992,41.26850105,-74.0876448,
9/16/2025 15:19,100.83957,2.0607934,23.307547,0.4584866,0.037475586,6.17692,11.081258,126.46059,4.1912723,20.10286,741.0539,11.334827,0,76,987.9911,24.899769,41.26850105,-74.0876448,
9/16/2025 15:19,102.371445,1.5989403,18.00134,0.8090783,0.17931835,6.2507706,8.702903,105.16652,5.2821183,19.846827,741.0599,11.316654,0,76,987.99915,24.89128,41.26850259,-74.08764509,
9/16/2025 15:19,102.615715,1.5696198,17.659472,0.82992715,0.18537308,6.2529063,8.5399685,103.55999,5.3289294,19.82558,741.0598,11.316326,0,76,987.9991,24.890938,41.26850259,-74.08764509,
9/16/2025 15:19,102.85999,1.5402993,17.3176,0.85077596,0.19142781,6.2550426,8.377035,101.95347,5.3757405,19.804333,741.05975,11.315997,0,76,987.99896,24.890594,41.26850278,-74.08764341,
9/16/2025 15:19,103.10426,1.5109788,16.97573,0.8716248,0.19748254,6.257179,8.214101,100.34694,5.4225516,19.783087,741.0597,11.315669,0,76,987.99884,24.890253,41.26849941,-74.08764593,
9/16/2025 15:19,105.8276,1.1678848,13.077896,0.9460739,0.333589,6.29956,6.348451,84.918205,4.1507764,19.58767,741.0536,11.315616,0,76,987.9907,24.890272,41.26849628,-74.08764201,
9/16/2025 15:20,105.97262,1.1458269,12.825895,0.95536494,0.34139404,6.302429,6.231228,83.89488,4.1198435,19.57492,741.0534,11.315327,0,76,987.9905,24.890125,41.2684968,-74.08763586,
9/16/2025 15:20,106.11763,1.123769,12.573895,0.96465605,0.3491991,6.305298,6.114005,82.87156,4.08891,19.562172,741.0533,11.315039,0,76,987.9903,24.889978,41.26849672,-74.08763568,
9/16/2025 15:20,106.26265,1.1017113,12.321895,0.97394717,0.35700414,6.308167,5.9967823,81.848236,4.0579767,19.549423,741.0531,11.314751,0,76,987.9901,24.889832,41.26849642,-74.0876343,
9/16/2025 15:20,106.768364,0.8396977,9.374263,1.0067507,0.6989693,6.341504,4.010202,72.18569,3.708538,19.441526,741.01373,11.310386,0,76,987.9376,24.881289,41.26849595,-74.08763673,
9/16/2025 15:20,106.840256,0.8228003,9.183258,1.0097655,0.7150295,6.343595,3.8958464,71.50382,3.6739352,19.433445,741.0121,11.310205,0,76,987.9354,24.880941,41.2684957,-74.08763618,
9/16/2025 15:20,106.91214,0.80590284,8.992253,1.0127802,0.73108965,6.3456855,3.7814906,70.82195,3.6393325,19.425364,741.01044,11.310025,0,76,987.93317,24.880594,41.26849541,-74.08763618,
9/16/2025 15:20,106.984024,0.7890054,8.801249,1.0157949,0.7471498,6.3477764,3.6671348,70.140076,3.6047297,19.417282,741.0087,11.309844,0,76,987.93097,24.880247,41.26849405,-74.0876363,
9/16/2025 15:20,111.43148,0.5947669,6.6273746,1.0255601,1.0821041,6.383037,3.0531106,56.05341,3.9689715,19.349766,741.009,11.331152,0,76,987.9312,24.880266,41.26849315,-74.08763532,
9/16/2025 15:20,111.62136,0.58203924,6.484564,1.0267001,1.1015537,6.3850803,2.9920344,55.302326,3.9769106,19.34495,741.0083,11.331925,0,76,987.93036,24.880117,41.26849443,-74.08763936,
9/16/2025 15:20,111.81124,0.56931156,6.3417535,1.02784,1.1210033,6.3871236,2.9309583,54.551243,3.98485,19.340134,741.0076,11.332698,0,76,987.92944,24.879969,41.2684972,-74.08764062,
9/16/2025 15:20,112.00112,0.5565839,6.198943,1.02898,1.1404527,6.3891664,2.8698823,53.800156,3.9927893,19.335318,741.00696,11.333471,0,76,987.9285,24.87982,41.26849658,-74.08763463,
9/16/2025 15:20,108.691086,0.41936183,4.663629,1.1783142,0.88733524,6.3998623,1.8476671,46.169548,3.6938028,19.250702,741.0208,11.317772,0,76,987.947,24.871326,41.26849902,-74.08763228,
9/16/2025 15:20,108.6384,0.410186,4.560914,1.1844754,0.883445,6.4009433,1.7940114,45.60768,3.6875455,19.246,741.02136,11.317515,0,76,987.94775,24.870981,41.26850353,-74.08762883,
9/16/2025 15:20,108.58571,0.40101016,4.4581985,1.1906365,0.8795548,6.4020243,1.7403556,45.045815,3.6812882,19.2413,741.02185,11.317258,0,76,987.9484,24.870638,41.26850149,-74.08763488,
9/16/2025 15:20,108.53301,0.39183435,4.3554835,1.1967977,0.8756646,6.4031053,1.6866997,44.483948,3.6750312,19.2366,741.0224,11.317001,0,76,987.9491,24.870293,41.26849966,-74.0876354,
9/16/2025 15:20,111.12744,0.30654615,3.4039059,1.524101,0.69570416,6.4212117,1.2396965,36.921856,3.9074934,19.178442,741.0353,11.271784,0,76,987.9663,24.870296,41.26849802,-74.08763543,
9/16/2025 15:20,111.17805,0.30055484,3.3369696,1.5396363,0.684685,6.4221554,1.2032777,36.47588,3.9117968,19.174591,741.036,11.269742,0,76,987.9673,24.87015,41.26850524,-74.08763299,
9/16/2025 15:20,111.22866,0.29456356,3.2700331,1.5551715,0.6736658,6.4230995,1.1668588,36.029903,3.9161005,19.170742,741.03674,11.2677,0,76,987.96826,24.870003,41.26850031,-74.08764082,
9/16/2025 15:20,111.279274,0.28857228,3.2030969,1.5707066,0.66264665,6.424043,1.1304399,35.583927,3.920404,19.166893,741.0375,11.265659,0,76,987.96924,24.869854,41.2685007,-74.08764243,
9/16/2025 15:20,109.31064,0.22598273,2.5061538,1.4120307,0.7178541,6.4320936,1.2905594,28.634575,3.9242744,19.118336,741.0373,12.016696,0,76,987.969,24.878618,41.26850021,-74.08764322,
9/16/2025 15:20,109.274956,0.22187954,2.4604228,1.4113051,0.7169809,6.43274,1.2884808,28.219334,3.9282491,19.115334,741.03754,12.045938,0,76,987.9693,24.878963,41.26850283,-74.08763794,
9/16/2025 15:20,109.239265,0.21777636,2.4146917,1.4105794,0.7161076,6.433387,1.286402,27.804092,3.9322238,19.11233,741.0378,12.075179,0,76,987.96954,24.879307,41.26850833,-74.08763965,
9/16/2025 15:20,109.203575,0.21367317,2.3689606,1.4098539,0.7152344,6.4340334,1.2843233,27.388851,3.9361985,19.109327,741.03796,12.104421,0,76,987.96985,24.879652,41.26850844,-74.08763975,
9/16/2025 15:20,110.237,0.16471268,1.8257527,1.2560447,0.56244355,6.4312296,2.0192995,-30.673885,3.6411774,19.096024,741.0378,12.108501,0,76,987.9696,24.87107,41.2685114,-74.08764315,
9/16/2025 15:20,110.24573,0.16159166,1.7910758,1.2473818,0.5570663,6.431267,2.0510473,-33.13542,3.6294081,19.094606,741.0378,12.121369,0,76,987.9696,24.87087,41.2685114,-74.08764315,
9/16/2025 15:20,110.254456,0.15847065,1.7563988,1.2387189,0.551689,6.4313035,2.082795,-35.596962,3.617639,19.093191,741.0378,12.134237,0,76,987.9696,24.87067,41.26851116,-74.08764697,
9/16/2025 15:20,110.263176,0.15534963,1.7217219,1.2300559,0.5463118,6.4313407,2.1145425,-38.0585,3.60587,19.091776,741.0378,12.147105,0,76,987.9696,24.870472,41.26851091,-74.08764807,
9/16/2025 15:20,141.84953,0.10672458,1.1587993,0.555053,0.5958928,6.4181542,-6.5084305,-74.56406,180.0228,17.980673,740.9797,12.569062,0,76,987.8922,24.861704,41.26850327,-74.08764946,
9/16/2025 15:20,143.14005,0.103868365,1.1261624,0.5252089,0.59525967,6.4175844,-6.8434772,-77.03539,187.12912,17.935616,740.97736,12.586537,0,76,987.8891,24.861208,41.26850981,-74.08764851,
9/16/2025 15:20,144.43056,0.101012155,1.0935256,0.4953648,0.59462655,6.417014,-7.1785245,-79.50673,194.23544,17.890556,740.975,12.6040125,0,76,987.886,24.860714,41.26851262,-74.08764836,
9/16/2025 15:21,145.72107,0.098155946,1.0608888,0.46552068,0.5939934,6.416444,-7.5135717,-81.97807,201.34177,17.845499,740.97266,12.621489,0,76,987.8829,24.860218,41.2685109,-74.08764549,
9/16/2025 15:21,151.1244,0.074440666,0.7981065,1.4965239,0.24455746,6.570918,-13.677343,-98.96706,276.72186,17.3899,740.9788,12.592787,0,76,987.89105,24.86031,41.26851215,-74.08764853,
9/16/2025 15:21,151.88359,0.07260009,0.7772982,1.5267925,0.23111853,6.576975,-14.074766,-100.31686,282.7994,17.35238,740.9781,12.599022,0,76,987.8901,24.86016,41.26851128,-74.08764888,
9/16/2025 15:21,152.64279,0.070759505,0.7564899,1.5570611,0.21767962,6.5830317,-14.47219,-101.666664,288.87698,17.31486,740.97736,12.605256,0,76,987.8891,24.860012,41.26851264,-74.08764714,
9/16/2025 15:21,153.402,0.06891892,0.7356816,1.5873297,0.2042407,6.589088,-14.869614,-103.016464,294.95453,17.27734,740.9766,12.611491,0,76,987.8881,24.859863,41.26851303,-74.08764205,
