Location Properties,,,,,,,,,,,,,,,,,,,,,,,,,,,
Location Name = QL1,,,,,,,,,,,,,,,,,,,,,,,,,,,
Location ID = f6e3299f-dd69-4e69-a613-eb4983a4ab65,,,,,,,,,,,,,,,,,,,,,,,,,,,
Latitude = 42.050229677283795 °,,,,,,,,,,,,,,,,,,,,,,,,,,,
Longitude = -78.87151905347875 °,,,,,,,,,,,,,,,,,,,,,,,,,,,
,,,,,,,,,,,,,,,,,,,,,,,,,,,
Report Properties,,,,,,,,,,,,,,,,,,,,,,,,,,,
Start Time = 2025-10-07 15:08:15,,,,,,,,,,,,,,,,,,,,,,,,,,,
Time Offset = -04:00:00,,,,,,,,,,,,,,,,,,,,,,,,,,,
Duration = 00:11:30,,,,,,,,,,,,,,,,,,,,,,,,,,,
Readings = 346,,,,,,,,,,,,,,,,,,,,,,,,,,,
,,,,,,,,,,,,,,,,,,,,,,,,,,,
Instrument Properties,,,,,,,,,,,,,,,,,,,,,,,,,,,
Device Model = Aqua TROLL 800,,,,,,,,,,,,,,,,,,,,,,,,,,,
Device SN = 1155867,,,,,,,,,,,,,,,,,,,,,,,,,,,
,,,,,,,,,,,,,,,,,,,,,,,,,,,
Instrument Properties,,,,,,,,,,,,,,,,,,,,,,,,,,,
Device Model = Wireless TROLL Com,,,,,,,,,,,,,,,,,,,,,,,,,,,
Device SN = 1153542,,,,,,,,,,,,,,,,,,,,,,,,,,,
,,,,,,,,,,,,,,,,,,,,,,,,,,,
,,,,,,,,,,,,,,,,,,,,,,,,,,,
Date Time,Temperature (°C) (1155867),Specific Conductivity (µS/cm) (1154450),Turbidity (NTU) (1154355),Actual Conductivity (µS/cm) (1154450),RDO Concentration (mg/L) (1147006),RDO Saturation (%Sat) (1147006),pH (pH) (1112266),pH mV (mV) (1112266),ORP (mV) (1112266),Depth (m) (1147922),Salinity (PSU) (1154450),Resistivity (Ω⋅cm) (1154450),Density (g/cm³) (1154450),Total Dissolved Solids (ppt) (1154450),BGA-PC Fluorescence (RFU) (1142613),Chlorophyll-a Fluorescence (RFU) (1151543),Barometric Pressure (mm Hg) (1155867),Pressure (psi) (1147922),Depth to Water (m) (1147922),Oxygen Partial Pressure (Torr) (1147006),External Voltage (V) (1155867),Battery Capacity (%) (1155867),Barometric Pressure (mbar) (1153542),Temperature (°C) (1153542),Latitude (°),Longitude (°),Marked
10/7/2025 15:08:15,21.12321,0.059338905,3.3810608,0.054945055,8.468086,97.673416,6.942834,-27.694702,179.18027,-0.32058313,0,18200000,0.997968,3.86E-05,0.024800068,0.001771913,741.37537,-0.44981956,10.601265,147.58174,0.063,67,967.6197,22.23,42.05031708,-78.87137529,
10/7/2025 15:08:17,21.12321,0.059416253,3.3311882,0.054945055,8.474995,99.378265,7.190895,-41.74348,174.3504,-0.31476662,0,18200000,0.9979818,3.86E-05,0.031039393,0.00033495,728.7232,-0.44067103,10.594827,147.53488,0.041103896,67,967.6359,22.21378,42.05031708,-78.87137529,
10/7/2025 15:08:19,21.12321,0.059421342,3.3279088,0.054945055,8.47545,99.49037,7.207207,-42.667313,174.03279,-0.31438413,0,18200000,0.9979827,3.86E-05,0.031449683,0.000240457,727.89124,-0.44006944,10.594403,147.5318,0.03966403,67,967.63696,22.212713,42.05031716,-78.87137509,
10/7/2025 15:08:21,21.12321,0.059426427,3.324629,0.054945055,8.4759035,99.602486,7.22352,-43.591145,173.7152,-0.31400165,0,18200000,0.99798363,3.86E-05,0.031859975,0.000145964,727.0592,-0.43946785,10.59398,147.52872,0.038224168,67,967.63806,22.211647,42.05031087,-78.87138679,
10/7/2025 15:08:23,21.12321,0.059431512,3.3213496,0.054945055,8.476358,99.71459,7.239832,-44.514977,173.39758,-0.31361917,0,18200000,0.9979845,3.86E-05,0.032270268,5.15E-05,726.22723,-0.43886626,10.593556,147.52563,0.036784306,67,967.6391,22.21058,42.05031087,-78.87138679,
10/7/2025 15:08:25,21.061981,0.059519,3.126267,0.054945055,8.393037,98.521385,7.255574,-45.395397,175.03914,-0.28338116,0,18200000,0.9979999,3.87E-05,0.02008876,0.000123451,726.7643,-0.4434018,10.596748,145.88898,0.023526957,67,967.6463,22.179773,42.05031087,-78.87138679,
10/7/2025 15:08:27,21.059078,0.05952483,3.115931,0.054945055,8.389235,98.50177,7.261703,-45.741974,175.0122,-0.2818206,0,18200000,0.9980009,3.87E-05,0.01964629,9.57E-05,726.51526,-0.44341847,10.59676,145.81033,0.02242301,67,967.647,22.17796,42.05031087,-78.87138679,
10/7/2025 15:08:29,21.056173,0.05953066,3.105595,0.054945055,8.385432,98.48216,7.2678323,-46.08855,174.98529,-0.28026003,0,18200000,0.99800193,3.87E-05,0.019203823,6.79E-05,726.26624,-0.44343513,10.596772,145.73167,0.021319062,67,967.64764,22.176147,42.05031087,-78.87138679,
10/7/2025 15:08:31,21.053268,0.059536487,3.095259,0.054945055,8.38163,98.46255,7.273961,-46.435127,174.95836,-0.27869946,0,18200000,0.99800295,3.87E-05,0.018761355,4.02E-05,726.0172,-0.4434518,10.596784,145.65302,0.020215115,67,967.6484,22.174334,42.0503145,-78.87137994,
10/7/2025 15:08:33,21.050364,0.059542317,3.084923,0.054945055,8.377828,98.44294,7.28009,-46.781704,174.93144,-0.2771389,0,18200000,0.998004,3.87E-05,0.018318888,1.24E-05,725.7681,-0.44346845,10.596795,145.57437,0.019111166,67,967.64905,22.17252,42.05031999,-78.87137127,
10/7/2025 15:08:35,20.449213,44.652283,2.9055893,40.666363,8.574247,99.7083,7.124317,-37.89412,162.34442,0.14084752,0.020195324,3044733.2,0.9981309,0.029023984,0.03292784,1.94E-06,725.7947,-0.0507834,10.320434,147.57407,0.011266083,67,967.6576,22.146698,42.05032001,-78.87137124,
10/7/2025 15:08:37,20.421124,46.64903,2.8937824,42.484833,8.581453,99.74359,7.1178584,-37.525166,161.80804,0.16014758,0.021099616,2366120.5,0.9981369,0.03032187,0.033354256,1.60E-06,725.7952,-0.03327889,10.308114,147.63225,0.010642131,67,967.6581,22.14494,42.05032001,-78.87137124,
10/7/2025 15:08:39,20.393034,48.645775,2.8819757,44.303307,8.58866,99.77889,7.111399,-37.156208,161.27168,0.17944765,0.02200391,1687507.9,0.9981429,0.031619754,0.03378067,1.27E-06,725.7957,-0.015774382,10.2957945,147.69043,0.010018179,67,967.6586,22.143179,42.05031676,-78.87136878,
10/7/2025 15:08:41,20.364944,50.64252,2.870169,46.121777,8.595866,99.81419,7.10494,-36.78725,160.7353,0.19874771,0.022908203,1008895.2,0.99814886,0.03291764,0.034207087,9.35E-07,725.79626,0.001730127,10.283476,147.7486,0.009394228,67,967.6592,22.141418,42.05031678,-78.87136938,
10/7/2025 15:08:43,20.172827,52.14881,1.596775,47.305424,8.808723,101.9015,8.022049,-88.56,149.91298,0.22516455,0.023612838,724383.2,0.9981892,0.033896726,0.004842971,0.013637996,725.771,0.0357851,10.259509,150.87646,0.009348551,67,967.61707,22.115873,42.05031671,-78.87136923,
10/7/2025 15:08:45,20.153294,53.034214,1.5371275,48.103443,8.821772,102.01743,8.059805,-90.689674,149.20222,0.23400274,0.02401482,433541.4,0.9981933,0.03447224,0.003813275,0.014241667,725.76996,0.044503745,10.253373,151.052,0.00920457,67,967.61536,22.114273,42.05031677,-78.87136938,
10/7/2025 15:08:47,20.13376,53.919617,1.4774799,48.901466,8.834821,102.13336,8.097561,-92.81935,148.49146,0.24284095,0.024416799,142699.62,0.99819744,0.03504775,0.002783579,0.01484534,725.769,0.053222388,10.247237,151.22754,0.009060589,67,967.61365,22.112673,42.05030917,-78.87136924,
10/7/2025 15:08:49,20.11423,54.80502,1.4178324,49.699486,8.847869,102.24929,8.135317,-94.94903,147.78069,0.25167912,0.024818778,0,0.99820155,0.035623264,0.001753882,0.015449011,725.76794,0.06194103,10.241101,151.40309,0.008916607,67,967.61194,22.111074,42.05030725,-78.87137094,
10/7/2025 15:08:51,20.042055,54.26694,1.4188536,49.127907,8.929971,103.04323,8.083246,-91.98445,146.77995,0.24163873,0.02457354,20355.088,0.99821645,0.035273515,0.011752483,0.017283294,725.79315,0.04995561,10.249536,152.60132,0.001329476,67,967.6455,22.093996,42.05030369,-78.87137039,
10/7/2025 15:08:53,20.035257,54.27743,1.3953631,49.13042,8.9375105,103.11654,8.097862,-92.808426,146.53493,0.2417487,0.02457864,20354.025,0.9982178,0.035280332,0.01164944,0.017615153,725.7938,0.05011356,10.249425,152.71158,0.000993521,67,967.6462,22.09277,42.0503009,-78.87136913,
10/7/2025 15:08:55,20.028461,54.287926,1.3718725,49.132935,8.94505,103.18986,8.112477,-93.63241,146.28989,0.24185869,0.024583738,20352.96,0.99821925,0.035287153,0.011546398,0.01794701,725.79443,0.050271507,10.249313,152.82182,0.000657567,67,967.64685,22.091543,42.05030084,-78.87136909,
10/7/2025 15:08:57,20.021666,54.29842,1.348382,49.13545,8.95259,103.263176,8.127093,-94.45638,146.04485,0.24196868,0.024588836,20351.898,0.9982207,0.035293974,0.011443355,0.018278869,725.7951,0.050429456,10.249203,152.93208,0.000321612,67,967.6476,22.090317,42.05030071,-78.87136902,
10/7/2025 15:08:59,19.963102,54.338703,1.3067842,49.111057,8.999873,103.689705,8.043286,-89.70601,147.39268,0.23258999,0.02460834,20362.02,0.9982328,0.03532016,0.003251179,0.01783888,725.77625,0.037077527,10.258599,153.57356,0.000276668,67,967.6226,22.081999,42.05030077,-78.87136853,
10/7/2025 15:09:01,19.959023,54.33997,1.3043858,49.107967,9.003577,103.72409,8.039079,-89.46713,147.42514,0.23209214,0.02460895,20363.299,0.9982337,0.035320982,0.003070913,0.017859992,725.7759,0.036370084,10.259097,153.62537,0.000132687,67,967.62213,22.081305,42.05030077,-78.87136857,
10/7/2025 15:09:03,19.954943,54.341232,1.3019874,49.104877,9.007282,103.75848,8.03487,-89.22825,147.4576,0.2315943,0.024609558,20364.576,0.9982345,0.035321802,0.002890648,0.017881103,725.7755,0.035662644,10.259595,153.67717,0,67,967.62164,22.080612,42.05030749,-78.87139577,
10/7/2025 15:09:05,19.950863,54.3425,1.2995889,49.101788,9.010987,103.79286,8.030662,-88.989365,147.49004,0.23109645,0.024610167,20365.854,0.99823534,0.035322625,0.002710382,0.017902212,725.77515,0.0349552,10.260093,153.72897,0,67,967.62115,22.079918,42.05030888,-78.87139446,
10/7/2025 15:09:07,19.946783,54.34376,1.2971905,49.098694,9.014692,103.82724,8.026454,-88.75048,147.52249,0.23059861,0.024610776,20367.13,0.9982362,0.03532345,0.002530116,0.017923323,725.7748,0.034247756,10.2605915,153.78078,0,67,967.62067,22.079226,42.05030648,-78.87139164,
10/7/2025 15:09:09,19.90717,54.641586,1.2844287,49.326385,9.053967,104.19499,7.997601,-87.11031,147.80885,0.25827807,0.024755644,20273.182,0.9982444,0.03551703,0.002665027,0.023194134,725.78766,0.0734604,10.232994,154.33757,0,67,967.63776,22.053827,42.05030965,-78.87139396,
10/7/2025 15:09:11,19.904308,54.65408,1.2827338,49.334698,9.056607,104.21945,7.9950175,-86.96359,147.84195,0.25916472,0.02476172,20269.754,0.998245,0.03552515,0.002513487,0.023396589,725.7878,0.07471523,10.232111,154.3745,0,67,967.63794,22.052645,42.05030965,-78.87139396,
10/7/2025 15:09:13,19.901447,54.666576,1.281039,49.343006,9.059248,104.24391,7.9924335,-86.81687,147.87505,0.26005134,0.024767796,20266.324,0.9982456,0.03553327,0.002361947,0.023599043,725.78796,0.075970046,10.231228,154.41142,0,67,967.6382,22.051462,42.05030965,-78.87139396,
10/7/2025 15:09:15,19.898586,54.67907,1.2793441,49.35132,9.061888,104.268364,7.98985,-86.67015,147.90814,0.26093796,0.024773873,20262.896,0.9982462,0.035541397,0.002210407,0.023801498,725.7881,0.077224866,10.230345,154.44835,0,67,967.63837,22.05028,42.05030965,-78.87139396,
10/7/2025 15:09:17,19.869816,54.356754,1.5241126,49.030552,9.090419,104.537315,7.9566383,-84.78758,148.72531,0.2631237,0.024616947,20395.56,0.9982519,0.035331894,0.01425438,0.020827927,725.78217,0.0803203,10.228167,154.85226,0,67,967.63055,22.033594,42.05030965,-78.87139396,
10/7/2025 15:09:19,19.867882,54.34963,1.5330868,49.022114,9.09232,104.555176,7.9547105,-84.67821,148.76285,0.26365545,0.024613475,20399.055,0.99825233,0.03532726,0.014704426,0.020805076,725.78217,0.08107348,10.227636,154.87917,0,67,967.6305,22.0325,42.05030965,-78.87139396,
10/7/2025 15:09:21,19.865948,54.342506,1.5420609,49.013676,9.094222,104.57303,7.9527826,-84.56883,148.80037,0.2641872,0.024610003,20402.549,0.9982527,0.03532263,0.015154473,0.020782225,725.7821,0.08182666,10.227107,154.90607,0,67,967.63043,22.031406,42.05030962,-78.8713939,
10/7/2025 15:09:23,19.864014,54.33538,1.5510349,49.005238,9.096124,104.59089,7.950855,-84.45946,148.8379,0.26471895,0.024606531,20406.043,0.9982531,0.035318,0.015604518,0.020759372,725.7821,0.082579836,10.226577,154.93297,0,67,967.63043,22.030313,42.05030962,-78.8713939,
10/7/2025 15:09:25,19.819204,54.749268,1.3184091,49.3316,9.10924,104.64499,7.9284086,-83.18016,148.74484,0.91990435,0.024807865,20271.105,0.9982624,0.035587024,0.006422457,0.018718865,725.8011,1.0138263,9.571189,155.02783,0,67,967.6557,22.022102,42.05030962,-78.8713939,
10/7/2025 15:09:27,19.816933,54.76043,1.3132659,49.33929,9.110271,104.65201,7.9269385,-83.09654,148.75526,0.9453425,0.02481329,20267.926,0.9982629,0.035594277,0.006254615,0.018596606,725.80176,1.0499823,9.545744,155.03891,0,67,967.65656,22.021488,42.05029764,-78.87137726,
10/7/2025 15:09:29,19.814663,54.77159,1.3081229,49.34698,9.111303,104.65903,7.925468,-83.01292,148.76567,0.9707806,0.024818717,20264.748,0.99826336,0.03560153,0.006086773,0.01847435,725.80237,1.0861385,9.520298,155.04999,0,67,967.6574,22.020876,42.05029352,-78.87137967,
10/7/2025 15:09:31,19.812393,54.78275,1.3029797,49.35467,9.112335,104.666046,7.923998,-82.9293,148.7761,0.99621874,0.024824144,20261.57,0.99826384,0.035608787,0.005918932,0.018352091,725.80304,1.1222947,9.494852,155.06107,0,67,967.65826,22.020264,42.05028944,-78.87139178,
10/7/2025 15:09:33,19.801348,54.298416,1.5696093,48.90691,9.121878,104.75329,7.9082613,-82.038376,148.31046,1.0353833,0.02458841,20447.26,0.9982659,0.03529397,0.003512463,0.022935139,725.7969,1.1778635,9.455744,155.19154,0,67,967.6501,21.994955,42.05029544,-78.87137832,
10/7/2025 15:09:35,19.800167,54.28637,1.5762271,48.894833,9.122482,104.75776,7.907265,-81.98185,148.29118,1.0475861,0.024582544,20452.275,0.99826616,0.035286136,0.003272693,0.023080552,725.797,1.195204,9.443541,155.19846,0,67,967.6502,21.993826,42.05029532,-78.87137825,
10/7/2025 15:09:37,19.798986,54.27432,1.5828449,48.882755,9.123088,104.76222,7.906269,-81.925316,148.27191,1.0597888,0.024576679,20457.291,0.9982664,0.035278305,0.003032924,0.023225967,725.79706,1.2125446,9.431336,155.20537,0,67,967.65027,21.992699,42.05029532,-78.87137825,
10/7/2025 15:09:39,19.797808,54.26227,1.5894626,48.870678,9.123693,104.76669,7.9052734,-81.86878,148.25264,1.0719916,0.024570812,20462.307,0.99826664,0.035270475,0.002793155,0.023371382,725.7971,1.2298851,9.419132,155.21228,0,67,967.6504,21.99157,42.05029533,-78.87137824,
10/7/2025 15:09:41,19.796627,54.25022,1.5960804,48.858597,9.124299,104.77116,7.9042773,-81.812256,148.23337,1.0841943,0.024564946,20467.322,0.9982669,0.03526264,0.002553385,0.023516797,725.7972,1.2472255,9.406929,155.2192,0,67,967.6505,21.990442,42.05029533,-78.87137824,
10/7/2025 15:09:43,19.796312,54.114616,1.2901939,48.736145,9.130607,104.845055,7.917161,-82.539055,147.21077,1.1126192,0.024498949,20518.76,0.99826694,0.0351745,0.027095094,0.021118904,725.7837,1.2874833,9.378596,155.32578,0,67,967.6325,21.982067,42.05029533,-78.87137824,
10/7/2025 15:09:45,19.796074,54.1016,1.282981,48.72418,9.1310215,104.84941,7.9173594,-82.55018,147.16434,1.1148595,0.024492616,20523.748,0.998267,0.03516604,0.02797717,0.021103488,725.7831,1.2906604,9.376361,155.33215,0,67,967.6317,21.981316,42.05029533,-78.87137824,
10/7/2025 15:09:47,19.795835,54.08859,1.2757682,48.712208,9.131436,104.85377,7.9175577,-82.5613,147.1179,1.1170996,0.024486281,20528.736,0.99826705,0.03515758,0.028859247,0.021088073,725.7825,1.2938373,9.374125,155.33853,0,67,967.6309,21.980562,42.05029533,-78.87137824,
10/7/2025 15:09:49,19.795597,54.075573,1.2685552,48.70024,9.131851,104.85812,7.917756,-82.57243,147.07147,1.1193398,0.024479948,20533.727,0.99826705,0.035149124,0.02974132,0.021072658,725.78186,1.2970144,9.371889,155.34492,0,67,967.6301,21.97981,42.05029533,-78.87137824,
10/7/2025 15:09:51,19.769684,54.178146,1.5299115,48.7658,9.130857,104.78953,7.929025,-83.200806,145.91817,1.1230994,0.02452981,20506.18,0.99827236,0.035215795,0.006169057,0.02022667,725.80145,1.3023146,9.368158,155.25366,0,67,967.6561,21.963057,42.05029533,-78.87137824,
10/7/2025 15:09:53,19.76867,54.179607,1.5349921,48.766064,9.130936,104.78822,7.929641,-83.23526,145.85733,1.1239874,0.024530519,20506.068,0.9982726,0.035216745,0.005667292,0.020158473,725.80194,1.3035727,9.367273,155.25208,0,67,967.65686,21.962261,42.05029533,-78.87137824,
10/7/2025 15:09:55,19.767653,54.18107,1.5400727,48.766327,9.131013,104.78691,7.930257,-83.269714,145.7965,1.1248754,0.024531227,20505.955,0.9982728,0.035217695,0.005165526,0.020090276,725.8025,1.3048307,9.366387,155.25049,0,67,967.65753,21.961464,42.05029533,-78.87137824,
10/7/2025 15:09:57,19.766636,54.18253,1.5451533,48.76659,9.131091,104.7856,7.9308724,-83.30418,145.73564,1.1257633,0.024531936,20505.844,0.998273,0.035218645,0.004663761,0.020022077,725.803,1.3060887,9.365502,155.2489,0,67,967.6582,21.960669,42.05029533,-78.87137824,
10/7/2025 15:09:59,19.755245,54.31381,1.240919,48.87292,9.13871,104.85197,7.9256988,-83.00909,145.21751,1.1283488,0.024595797,20461.25,0.99827546,0.035303976,0.008936008,0.021510491,725.78406,1.3097615,9.362918,155.34578,0,67,967.63306,21.952143,42.05029533,-78.87137824,
10/7/2025 15:10:01,19.754387,54.320282,1.2333117,48.87786,9.138993,104.853485,7.9256825,-83.007935,145.17836,1.1285441,0.024598945,20459.176,0.99827564,0.035308182,0.008735519,0.021554176,725.7836,1.3100382,9.362723,155.34814,0,67,967.6325,21.951534,42.05029533,-78.87137824,
10/7/2025 15:10:03,19.753529,54.326756,1.2257044,48.882797,9.139277,104.85501,7.9256663,-83.00678,145.13922,1.1287392,0.024602095,20457.104,0.9982758,0.03531239,0.00853503,0.02159786,725.7832,1.3103148,9.362529,155.35051,0,67,967.6319,21.950926,42.05029533,-78.87137824,
10/7/2025 15:10:05,19.75267,54.33323,1.2180971,48.887737,9.139562,104.85653,7.92565,-83.00563,145.10007,1.1289345,0.024605243,20455.031,0.998276,0.0353166,0.008334541,0.021641547,725.7828,1.3105913,9.362333,155.35287,0,67,967.63135,21.950315,42.05029533,-78.87137824,
10/7/2025 15:10:07,19.746809,54.19932,1.3593193,48.76118,9.148392,104.93985,7.927814,-83.12599,144.73613,1.1339344,0.024540065,20508.135,0.9982771,0.03522956,0.011711415,0.020571392,725.82056,1.3177261,9.357313,155.48596,0,67,967.6817,21.941883,42.05029533,-78.87137824,
10/7/2025 15:10:09,19.74639,54.196175,1.3599746,48.75792,9.14886,104.944176,7.927821,-83.12629,144.71306,1.1341827,0.024538534,20509.506,0.9982772,0.035227515,0.011911422,0.020552587,725.8217,1.3180802,9.357063,155.49272,0,67,967.6832,21.94141,42.05029533,-78.87137824,
10/7/2025 15:10:11,19.745972,54.19303,1.3606299,48.754654,9.149329,104.9485,7.927829,-83.126595,144.68997,1.134431,0.024537003,20510.875,0.9982773,0.03522547,0.012111428,0.02053378,725.82294,1.3184341,9.356814,155.49948,0,67,967.6848,21.940937,42.05029533,-78.87137824,
10/7/2025 15:10:13,19.745552,54.189884,1.3612852,48.751392,9.149798,104.95282,7.9278364,-83.12689,144.6669,1.1346793,0.024535472,20512.244,0.99827737,0.035223424,0.012311434,0.020514974,725.8241,1.3187882,9.356565,155.50624,0,67,967.6864,21.940464,42.05029533,-78.87137824,
10/7/2025 15:10:15,19.745132,54.18674,1.3619405,48.748127,9.150267,104.957146,7.9278436,-83.1272,144.64383,1.1349277,0.02453394,20513.615,0.9982774,0.035221383,0.012511441,0.020496167,725.82526,1.3191422,9.356317,155.513,0,67,967.6879,21.939991,42.05029533,-78.87137824,
10/7/2025 15:10:17,19.734976,54.16356,1.2401453,48.716766,9.161536,105.06603,7.9436617,-84.01655,143.62149,1.5968466,0.024522634,20526.82,0.99827945,0.03520631,0.010920946,0.021895569,725.8189,1.9761517,8.8939295,155.67532,0,67,967.67944,21.91415,42.05029533,-78.87137824,
10/7/2025 15:10:19,19.734482,54.160496,1.2378203,48.713497,9.162116,105.07159,7.9442925,-84.05198,143.57626,1.6143166,0.024521142,20528.195,0.9982796,0.035204317,0.010918235,0.021930737,725.8193,2.0010006,8.876441,155.68376,0,67,967.67993,21.913025,42.05030351,-78.87137176,
10/7/2025 15:10:21,19.733988,54.15743,1.2354953,48.710228,9.162696,105.07714,7.9449234,-84.08742,143.53105,1.6317866,0.024519648,20529.568,0.99827963,0.035202324,0.010915522,0.021965906,725.8197,2.0258493,8.858953,155.6922,0,67,967.6805,21.9119,42.05030329,-78.87137176,
10/7/2025 15:10:23,19.733494,54.15436,1.2331703,48.70696,9.163276,105.0827,7.945554,-84.12285,143.48582,1.6492567,0.024518155,20530.941,0.99827975,0.035200335,0.010912811,0.022001075,725.82007,2.0506983,8.841465,155.70062,0,67,967.681,21.910776,42.05030325,-78.87137176,
10/7/2025 15:10:25,19.662151,54.151764,1.3151307,48.630836,9.145089,104.7234,7.8737264,-80.05203,146.619,2.0449467,0.024516707,20563.096,0.9982943,0.035198644,0.009866199,0.022439143,725.82574,2.6122668,8.446248,155.1862,0,67,967.68854,21.893753,42.05030325,-78.87137176,
10/7/2025 15:10:27,19.659277,54.15122,1.3162875,48.627377,9.144593,104.71165,7.871263,-79.9123,146.7206,2.0673757,0.024516435,20564.557,0.9982949,0.03519829,0.009805447,0.022477841,725.82587,2.6441216,8.42383,155.1695,0,67,967.6887,21.892681,42.05030325,-78.87137176,
10/7/2025 15:10:29,19.656404,54.150673,1.3174443,48.623913,9.144097,104.699905,7.868799,-79.77256,146.82219,2.0898046,0.024516162,20566.018,0.9982954,0.035197936,0.009744693,0.022516537,725.826,2.6759765,8.401411,155.1528,0,67,967.6889,21.891611,42.05030591,-78.87136843,
10/7/2025 15:10:31,19.65353,54.150127,1.3186011,48.62045,9.1436,104.688156,7.866336,-79.63283,146.92378,2.1122336,0.02451589,20567.48,0.998296,0.035197582,0.00968394,0.022555236,725.8261,2.7078316,8.378992,155.1361,0,67,967.6891,21.89054,42.05030611,-78.87136823,
10/7/2025 15:10:33,19.62884,54.084476,1.3570563,48.536003,9.166491,104.904945,7.915194,-82.38093,143.97568,2.1129653,0.02448387,20603.28,0.998301,0.03515491,0.0014143,0.025347188,725.78125,2.7088137,8.378302,155.45326,0,67,967.62933,21.873537,42.05030611,-78.87136823,
10/7/2025 15:10:35,19.626741,54.08182,1.3598373,48.531452,9.167104,104.9078,7.9159718,-82.424194,143.90964,2.1194777,0.024482574,20605.209,0.99830145,0.03515318,0.001075452,0.025463363,725.7796,2.7180548,8.371798,155.45761,0,67,967.62714,21.87259,42.05030611,-78.87136823,
10/7/2025 15:10:37,19.624641,54.079166,1.3626183,48.526897,9.167718,104.910645,7.9167495,-82.46745,143.8436,2.1259902,0.024481276,20607.137,0.99830186,0.035151456,0.000736604,0.025579536,725.77795,2.7272959,8.3652935,155.46196,0,67,967.62494,21.871641,42.05030611,-78.87136823,
10/7/2025 15:10:39,19.622543,54.076515,1.3653994,48.522346,9.168331,104.9135,7.917527,-82.51071,143.77756,2.1325026,0.02447998,20609.064,0.9983023,0.03514973,0.000397756,0.025695711,725.7763,2.7365367,8.35879,155.46632,0,67,967.6227,21.870693,42.05030611,-78.87136823,
10/7/2025 15:10:41,19.610647,54.114944,1.2913284,48.544537,9.173087,104.94401,7.925876,-82.9781,143.0665,2.139232,0.02449866,20599.643,0.9983046,0.035174716,0.014019147,0.023781335,725.7696,2.7461984,8.351991,155.51283,0,67,967.61365,21.845303,42.05030611,-78.87136823,
10/7/2025 15:10:43,19.609764,54.115356,1.2890656,48.54399,9.173648,104.948715,7.9269958,-83.04097,142.99066,2.1396673,0.024498858,20599.873,0.9983048,0.035174984,0.01441295,0.023753077,725.76855,2.7468197,8.351554,155.5198,0,67,967.61237,21.844027,42.05030611,-78.87136823,
10/7/2025 15:10:45,19.608881,54.11577,1.2868029,48.543446,9.174209,104.95343,7.928115,-83.103836,142.91484,2.1401024,0.024499057,20600.104,0.99830496,0.035175253,0.014806753,0.023724817,725.7676,2.747441,8.351116,155.52678,0,67,967.611,21.84275,42.05030611,-78.87136823,
10/7/2025 15:10:47,19.607998,54.11618,1.28454,48.542904,9.174769,104.958145,7.929234,-83.1667,142.839,2.1405375,0.024499254,20600.332,0.99830514,0.035175517,0.015200556,0.023696559,725.7666,2.7480624,8.350679,155.53375,0,67,967.6097,21.841475,42.05030611,-78.87136823,
10/7/2025 15:10:49,19.607115,54.116592,1.2822772,48.54236,9.17533,104.96286,7.9303536,-83.22956,142.76318,2.1409726,0.024499454,20600.562,0.9983053,0.035175785,0.01559436,0.0236683,725.76556,2.7486837,8.350242,155.54073,0,67,967.60834,21.840197,42.05030611,-78.87136823,
10/7/2025 15:10:51,19.605257,54.074184,1.4043125,48.502403,9.176582,104.9768,7.9405127,-83.80178,141.8189,2.1316013,0.024478808,20617.537,0.9983057,0.035148222,0.007933253,0.028999617,725.74054,2.7353127,8.3596525,155.55634,0,67,967.575,21.823343,42.05030611,-78.87136823,
10/7/2025 15:10:53,19.604956,54.073177,1.4077153,48.501186,9.176727,104.977974,7.941068,-83.83303,141.76917,2.131421,0.024478316,20618.053,0.99830574,0.035147566,0.007867154,0.029171169,725.73944,2.735056,8.359833,155.5579,0,67,967.57355,21.82226,42.05030611,-78.87136823,
10/7/2025 15:10:55,19.604654,54.07217,1.4111181,48.499973,9.176871,104.97915,7.941624,-83.86428,141.71942,2.1312408,0.024477825,20618.568,0.9983058,0.03514691,0.007801054,0.029342722,725.73834,2.7347994,8.360014,155.55948,0,67,967.5721,21.821177,42.05030611,-78.87136823,
10/7/2025 15:10:57,19.604351,54.07116,1.4145211,48.498756,9.177015,104.980316,7.9421797,-83.89552,141.66968,2.1310606,0.024477333,20619.086,0.99830586,0.035146255,0.007734955,0.029514275,725.73724,2.7345426,8.360194,155.56105,0,67,967.5706,21.820093,42.05030611,-78.87136823,
10/7/2025 15:10:59,19.593952,54.093773,1.489558,48.508293,9.18178,105.01301,7.951424,-84.413734,140.88918,2.1308098,0.024488308,20615.031,0.99830794,0.035160955,0.012952591,0.025525548,725.7374,2.7341678,8.360457,155.61194,0,67,967.57086,21.811966,42.05030611,-78.87136823,
10/7/2025 15:11:01,19.593506,54.093952,1.494352,48.50799,9.181995,105.014595,7.9519677,-84.444244,140.84235,2.1306572,0.024488393,20615.16,0.99830806,0.03516107,0.013034865,0.025459774,725.737,2.7339497,8.360611,155.61429,0,67,967.57025,21.811356,42.05030611,-78.87136823,
10/7/2025 15:11:03,19.59306,54.09413,1.4991461,48.50769,9.18221,105.016174,7.952511,-84.474754,140.79552,2.1305048,0.024488479,20615.287,0.9983081,0.035161186,0.013117138,0.025394,725.7366,2.7337315,8.3607645,155.61665,0,67,967.5697,21.810743,42.05030611,-78.87136823,
10/7/2025 15:11:05,19.592613,54.094307,1.5039401,48.50739,9.182425,105.01776,7.9530544,-84.505264,140.74867,2.1303525,0.024488563,20615.416,0.99830824,0.0351613,0.013199412,0.025328226,725.73615,2.7335136,8.360918,155.619,0,67,967.56915,21.810133,42.05030611,-78.87136823,
10/7/2025 15:11:07,19.582445,54.0969,1.3647034,48.49921,9.190362,105.08403,7.9381447,-83.66176,141.5185,2.1386414,0.024489794,20618.893,0.9983103,0.035162985,0.006339573,0.023900665,725.75586,2.7452624,8.352651,155.72389,0,67,967.59534,21.784637,42.05030611,-78.87136823,
10/7/2025 15:11:09,19.581879,54.097355,1.3605798,48.49903,9.190747,105.087135,7.9377265,-83.63801,141.53487,2.1389554,0.024490012,20618.969,0.99831045,0.03516328,0.006158325,0.023783777,725.7566,2.745707,8.352337,155.72879,0,67,967.5964,21.783504,42.05030611,-78.87136823,
10/7/2025 15:11:11,19.581312,54.097805,1.3564564,48.498848,9.1911335,105.09024,7.937308,-83.61426,141.55125,2.1392696,0.02449023,20619.045,0.99831057,0.035163574,0.005977077,0.023666887,725.7573,2.746152,8.352024,155.73369,0,67,967.59735,21.782372,42.05030611,-78.87136823,
10/7/2025 15:11:13,19.580748,54.098255,1.352333,48.49867,9.191519,105.093346,7.9368896,-83.590515,141.56764,2.1395836,0.024490448,20619.121,0.9983107,0.035163864,0.00579583,0.023549996,725.7581,2.7465966,8.351711,155.73859,0,67,967.5983,21.781237,42.05030611,-78.87136823,
10/7/2025 15:11:15,19.562822,54.807667,1.2865121,49.115837,9.187961,105.01308,7.95022,-84.33689,140.44371,2.9377697,0.024835618,20360.613,0.9983146,0.035624985,0.009395879,0.023322228,725.77094,3.8808262,7.5534697,155.62663,0,67,967.61554,21.76416,42.05030611,-78.87136823,
10/7/2025 15:11:17,19.561958,54.835236,1.2817515,49.13965,9.187954,105.01105,7.9505014,-84.35249,140.4121,2.9688773,0.024849033,20350.64,0.9983148,0.035642903,0.009424244,0.023290262,725.7717,3.92503,7.5223603,155.62401,0,67,967.61664,21.763077,42.05030611,-78.87136823,
10/7/2025 15:11:19,19.561094,54.862804,1.276991,49.16346,9.187946,105.00902,7.950783,-84.368095,140.38046,2.999985,0.024862446,20340.668,0.998315,0.035660822,0.00945261,0.023258293,725.7726,3.9692335,7.4912505,155.62138,0,67,967.6177,21.761993,42.05030611,-78.87136823,
10/7/2025 15:11:21,19.56023,54.890373,1.2722305,49.18727,9.187939,105.006996,7.9510636,-84.3837,140.34885,3.0310926,0.024875859,20330.695,0.99831516,0.035678744,0.009480976,0.023226326,725.7734,4.0134373,7.460141,155.61876,0,67,967.6188,21.76091,42.05030611,-78.87136823,
10/7/2025 15:11:23,19.559366,54.917946,1.26747,49.211082,9.187931,105.00497,7.951345,-84.3993,140.31723,3.0622003,0.024889274,20320.723,0.99831533,0.035696663,0.009509341,0.02319436,725.7742,4.057641,7.429032,155.61613,0,67,967.6199,21.759829,42.05030611,-78.87136823,
10/7/2025 15:11:25,19.52679,54.184944,1.2843081,48.5206,9.19052,104.970695,7.9246,-82.88244,141.31691,3.0775163,0.02453247,20610.31,0.9983216,0.035220213,0.001169567,0.02503635,725.741,4.079342,7.4137597,155.56567,0,67,967.5757,21.743183,42.05030611,-78.87136823,
10/7/2025 15:11:27,19.525259,54.16946,1.2837399,48.50514,9.190564,104.96811,7.923814,-82.837685,141.33582,3.0915706,0.02452493,20616.799,0.9983219,0.035210148,0.00091369,0.025099853,725.74005,4.099311,7.399706,155.56198,0,67,967.57434,21.74225,42.05030611,-78.8713682,
10/7/2025 15:11:29,19.523726,54.153976,1.2831718,48.48968,9.190607,104.96552,7.9230275,-82.79293,141.3547,3.105625,0.024517393,20623.287,0.9983222,0.03520008,0.000657812,0.025163356,725.739,4.1192794,7.3856525,155.55829,0,67,967.573,21.74132,42.05030611,-78.8713682,
10/7/2025 15:11:31,19.522194,54.138493,1.2826036,48.474224,9.190651,104.96294,7.922241,-82.74818,141.37361,3.119679,0.024509853,20629.775,0.9983225,0.03519002,0.000401935,0.025226858,725.73804,4.1392484,7.371599,155.5546,0,67,967.57166,21.740387,42.05030611,-78.8713682,
10/7/2025 15:11:33,19.525204,54.135338,1.2278794,48.4745,9.192123,104.983246,7.9368234,-83.570946,140.12552,3.097488,0.024508333,20629.559,0.9983219,0.035187967,0.004920702,0.022806108,725.7572,4.108123,7.393504,155.58818,0,67,967.59717,21.723278,42.05030611,-78.8713682,
10/7/2025 15:11:35,19.524784,54.12413,1.2259328,48.46402,9.192222,104.983444,7.9369664,-83.578896,140.09262,3.0975091,0.024502879,20633.95,0.99832195,0.035180684,0.004962933,0.022741241,725.75745,4.1081676,7.3934727,155.58862,0,67,967.5975,21.72233,42.05030611,-78.87136822,
10/7/2025 15:11:37,19.524364,54.112926,1.2239861,48.453545,9.19232,104.98364,7.9371095,-83.58684,140.05971,3.0975301,0.024497425,20638.338,0.998322,0.0351734,0.005005165,0.022676373,725.7577,4.1082125,7.393441,155.58907,0,67,967.5978,21.721384,42.05030611,-78.87136823,
10/7/2025 15:11:39,19.523947,54.10172,1.2220395,48.44307,9.192418,104.98384,7.9372525,-83.59478,140.02681,3.0975513,0.024491971,20642.729,0.9983221,0.035166115,0.005047397,0.022611506,725.75793,4.1082573,7.3934097,155.58951,0,67,967.59814,21.720436,42.05030611,-78.87136823,
10/7/2025 15:11:41,19.501444,54.19676,1.3467102,48.504875,9.188083,104.89346,7.9329567,-83.34621,140.1309,3.1046407,0.024538148,20616.488,0.9983267,0.035227895,0.001542923,0.027028652,725.71344,4.1183043,7.386339,155.45105,0,67,967.5388,21.694994,42.05030611,-78.87136823,
10/7/2025 15:11:43,19.50061,54.200256,1.3505845,48.507145,9.187941,104.89029,7.933025,-83.34981,140.1144,3.1047895,0.024539847,20615.523,0.9983269,0.035230167,0.001480336,0.027159128,725.71204,4.118521,7.386186,155.44623,0,67,967.537,21.69372,42.05030611,-78.87136823,
10/7/2025 15:11:45,19.499775,54.203754,1.3544589,48.509415,9.1877985,104.88711,7.933093,-83.35341,140.09789,3.1049383,0.024541548,20614.559,0.9983271,0.03523244,0.001417749,0.027289603,725.71063,4.118738,7.3860335,155.4414,0,67,967.5351,21.692448,42.0503061,-78.87136823,
10/7/2025 15:11:47,19.498941,54.207253,1.3583333,48.51168,9.187656,104.883934,7.9331613,-83.35702,140.08138,3.105087,0.024543248,20613.592,0.99832726,0.035234716,0.001355162,0.027420077,725.7092,4.1189556,7.3858805,155.43658,0,67,967.5332,21.691175,42.0503061,-78.87136823,
10/7/2025 15:11:49,19.483988,54.281033,1.2377825,48.562202,9.193265,104.91569,7.9279947,-83.06162,140.07007,3.1015577,0.02457911,20592.154,0.99833024,0.03528267,0.000328621,0.024137033,725.71484,4.1136565,7.3896103,155.48833,0,67,967.5408,21.682669,42.05030611,-78.87136822,
10/7/2025 15:11:51,19.483042,54.28527,1.2350948,48.565014,9.193414,104.91547,7.927727,-83.046265,140.07092,3.1015356,0.02458117,20590.96,0.9983305,0.03528543,0.000232943,0.024080137,725.71436,4.1136136,7.3896403,155.48811,0,67,967.5401,21.681917,42.05030611,-78.87136822,
10/7/2025 15:11:53,19.482096,54.28951,1.232407,48.56783,9.1935625,104.915245,7.9274592,-83.03091,140.07178,3.1015134,0.024583228,20589.766,0.99833065,0.03528818,0.000137264,0.024023239,725.71387,4.113571,7.3896704,155.4879,0,67,967.5394,21.681168,42.05030611,-78.87136822,
10/7/2025 15:11:55,19.48115,54.293747,1.2297193,48.57064,9.193711,104.91502,7.9271917,-83.01555,140.07263,3.1014912,0.024585288,20588.57,0.99833083,0.035290938,4.16E-05,0.023966342,725.7134,4.1135283,7.3897004,155.48769,0,67,967.53876,21.680418,42.05030611,-78.87136822,
10/7/2025 15:11:57,19.480204,54.297985,1.2270316,48.573452,9.19386,104.9148,7.9269238,-83.00018,140.07349,3.101469,0.024587348,20587.377,0.998331,0.03529369,0,0.023909446,725.7129,4.113486,7.3897305,155.48746,0,67,967.5381,21.679668,42.05030611,-78.87136822,
10/7/2025 15:11:59,19.484234,54.17716,1.233248,48.469532,9.191633,104.898766,7.931759,-83.27381,139.36267,3.1050885,0.024528554,20631.53,0.9983302,0.035215154,0.004328721,0.022677056,725.7073,4.118564,7.386156,155.46153,0,67,967.53064,21.654053,42.05030611,-78.87136823,
10/7/2025 15:12:01,19.484121,54.17386,1.2315392,48.466465,9.19164,104.89863,7.931856,-83.279274,139.33527,3.1051705,0.024526948,20632.832,0.99833024,0.03521301,0.004476732,0.022577731,725.70715,4.1186733,7.3860793,155.46133,0,67,967.53046,21.652916,42.05030611,-78.87136823,
10/7/2025 15:12:03,19.484009,54.17056,1.2298305,48.463398,9.191647,104.89849,7.9319534,-83.28473,139.30788,3.1052523,0.024525343,20634.137,0.99833024,0.035210863,0.004624744,0.022478405,725.70703,4.1187825,7.3860025,155.46112,0,67,967.5303,21.65178,42.05030611,-78.87136823,
10/7/2025 15:12:05,19.483898,54.16726,1.2281218,48.46033,9.191653,104.89835,7.9320507,-83.290184,139.28047,3.105334,0.024523735,20635.44,0.99833024,0.03520872,0.004772755,0.02237908,725.70685,4.1188917,7.385926,155.46092,0,67,967.5301,21.650642,42.05030611,-78.87136823,
10/7/2025 15:12:07,19.482645,54.13888,1.2426149,48.433647,9.189563,104.86976,7.944627,-83.99856,138.35681,3.0795872,0.024509925,20646.81,0.99833053,0.035190277,0.00765826,0.025705384,725.7197,4.082269,7.4116993,155.42165,0,67,967.54724,21.642242,42.05030611,-78.87136823,
10/7/2025 15:12:09,19.482645,54.135902,1.2432214,48.43098,9.189449,104.8684,7.9451795,-84.0297,138.31,3.0786664,0.024508476,20647.943,0.99833053,0.03518834,0.007838026,0.02581087,725.7201,4.080958,7.4126225,155.41971,0,67,967.5477,21.641485,42.05030611,-78.87136823,
10/7/2025 15:12:11,19.482643,54.132927,1.2438278,48.428318,9.189337,104.86704,7.945732,-84.06085,138.26318,3.0777454,0.024507029,20649.076,0.99833053,0.035186406,0.008017791,0.025916355,725.7205,4.0796466,7.413545,155.41779,0,67,967.5483,21.64073,42.05030611,-78.87136823,
10/7/2025 15:12:13,19.482643,54.129948,1.2444344,48.42565,9.189223,104.86568,7.946285,-84.092,138.21638,3.0768244,0.02450558,20650.21,0.99833053,0.03518447,0.008197557,0.026021842,725.7209,4.0783353,7.4144683,155.41585,0,67,967.54877,21.639975,42.05030611,-78.87136823,
10/7/2025 15:12:15,19.469315,54.303802,1.2843112,48.567352,9.186757,104.806694,7.9090524,-81.98997,139.3161,3.9528623,0.024590136,20589.99,0.99833316,0.035297472,0.003810567,0.022714054,725.74036,5.3231893,6.5383725,155.33578,0,67,967.5747,21.623219,42.05030611,-78.87136823,
10/7/2025 15:12:17,19.468779,54.30999,1.2860504,48.57233,9.186628,104.803955,7.907822,-81.92049,139.34312,3.9862008,0.024593145,20587.875,0.9983333,0.03530149,0.003690536,0.022638481,725.7413,5.3705626,6.505032,155.33206,0,67,967.576,21.62242,42.05030611,-78.87136823,
10/7/2025 15:12:19,19.468243,54.316174,1.2877898,48.57731,9.186501,104.80122,7.906592,-81.851,139.37015,4.0195394,0.024596153,20585.76,0.9983334,0.035305515,0.003570504,0.022562906,725.74225,5.4179363,6.4716916,155.32835,0,67,967.5773,21.621618,42.05030611,-78.87136823,
10/7/2025 15:12:21,19.467707,54.32236,1.2895291,48.582287,9.186372,104.798485,7.9053617,-81.78152,139.39717,4.052878,0.024599163,20583.645,0.9983335,0.035309535,0.003450473,0.022487333,725.74316,5.46531,6.4383516,155.32463,0,67,967.57855,21.620817,42.05030611,-78.87136823,
10/7/2025 15:12:23,19.461803,54.195244,1.2929399,48.462494,9.200146,104.94511,7.9325075,-83.30962,137.4954,4.065907,0.024537288,20634.533,0.99833465,0.035226908,0.011589331,0.027010452,725.7305,5.48375,6.4253745,155.5405,0,67,967.5617,21.603851,42.05030611,-78.87136823,
10/7/2025 15:12:25,19.46136,54.1931,1.2937218,48.460125,9.200637,104.94981,7.93296,-83.33499,137.43924,4.080554,0.024536245,20635.541,0.99833477,0.035225518,0.011834859,0.027132487,725.7304,5.50456,6.4107285,155.54753,0,67,967.56146,21.602917,42.05030611,-78.87136823,
10/7/2025 15:12:27,19.460917,54.19096,1.2945037,48.457752,9.201128,104.9545,7.9334126,-83.36035,137.38307,4.095201,0.024535201,20636.547,0.9983348,0.035224125,0.012080388,0.027254522,725.7302,5.5253706,6.3960824,155.55455,0,67,967.5612,21.601982,42.05030611,-78.87136823,
10/7/2025 15:12:29,19.460474,54.18882,1.2952855,48.45538,9.201619,104.9592,7.9338646,-83.38572,137.3269,4.109848,0.024534158,20637.555,0.99833494,0.035222735,0.012325916,0.027376557,725.73004,5.546181,6.381437,155.56158,0,67,967.561,21.601046,42.05030611,-78.87136823,
10/7/2025 15:12:31,19.460032,54.18668,1.2960674,48.453007,9.20211,104.9639,7.934317,-83.41109,137.27074,4.124495,0.024533115,20638.562,0.998335,0.035221342,0.012571445,0.02749859,725.72986,5.566992,6.366791,155.5686,0,67,967.5608,21.600111,42.05030611,-78.87136823,
10/7/2025 15:12:33,19.456747,54.1748,1.2027689,48.438984,9.188824,104.80534,7.946921,-84.120384,136.31433,4.1094904,0.024527317,20644.533,0.9983357,0.035213623,0.002716158,0.027616577,725.7295,5.545693,6.3817806,155.3343,0,67,967.56024,21.591806,42.05030611,-78.87136823,
10/7/2025 15:12:35,19.456514,54.172348,1.1993077,48.43655,9.188546,104.80171,7.9478283,-84.17147,136.24689,4.1097445,0.024526123,20645.568,0.9983357,0.03521203,0.00247443,0.027694637,725.72925,5.5460534,6.3815265,155.32893,0,67,967.55994,21.591194,42.05030611,-78.87136823,
10/7/2025 15:12:37,19.45628,54.169895,1.1958466,48.434113,9.188268,104.79808,7.948736,-84.22255,136.17944,4.1099987,0.024524927,20646.604,0.9983358,0.03521043,0.002232702,0.027772699,725.72906,5.5464144,6.381273,155.32355,0,67,967.5597,21.590582,42.05030611,-78.87136823,
10/7/2025 15:12:39,19.456047,54.16744,1.1923854,48.43168,9.18799,104.79445,7.9496436,-84.273636,136.112,4.1102524,0.024523731,20647.639,0.99833584,0.035208836,0.001990975,0.027850758,725.7288,5.546775,6.381019,155.31818,0,67,967.5594,21.58997,42.05030611,-78.87136823,
10/7/2025 15:12:41,19.455877,54.160446,1.2352039,48.42525,9.180305,104.7006,7.9418135,-83.83235,136.18135,4.108341,0.024520338,20650.385,0.9983359,0.035204295,0.009576888,0.0265873,725.76794,5.544207,6.3828263,155.18765,0,67,967.6115,21.58165,42.05030611,-78.87136823,
10/7/2025 15:12:43,19.455809,54.159958,1.2353259,48.42474,9.179803,104.694496,7.9417276,-83.827484,136.16734,4.108348,0.024520097,20650.602,0.99833596,0.035203975,0.00970922,0.02654308,725.7694,5.5442224,6.3828154,155.17896,0,67,967.6135,21.581179,42.05030611,-78.87136823,
10/7/2025 15:12:45,19.455738,54.159466,1.2354479,48.42423,9.1793,104.6884,7.9416413,-83.82262,136.15334,4.1083546,0.024519859,20650.82,0.99833596,0.035203654,0.009841553,0.026498862,725.7709,5.544238,6.3828044,155.17026,0,67,967.6155,21.580706,42.05030611,-78.87136823,
10/7/2025 15:12:47,19.45567,54.158974,1.2355698,48.423717,9.178798,104.682304,7.941555,-83.81774,136.13931,4.1083612,0.02451962,20651.04,0.99833596,0.035203338,0.009973886,0.026454644,725.7724,5.5442533,6.3827934,155.16156,0,67,967.6175,21.580235,42.05030611,-78.87136823,
10/7/2025 15:12:49,19.448086,54.178837,1.2244303,48.433628,9.184154,104.728355,7.9408793,-83.77745,135.94247,4.1017976,0.024529263,20646.81,0.99833745,0.035216246,0.009131524,0.025942523,725.7661,5.5348005,6.3894463,155.2302,0,67,967.6091,21.55475,42.05030611,-78.87136823,
10/7/2025 15:12:51,19.447788,54.179443,1.2246411,48.43386,9.18423,104.72853,7.9407415,-83.76962,135.93492,4.10152,0.024529558,20646.713,0.9983375,0.035216637,0.009218412,0.02590379,725.76654,5.5344033,6.3897257,155.23062,0,67,967.6096,21.553629,42.05030611,-78.87136823,
10/7/2025 15:12:53,19.44749,54.180046,1.2248518,48.434097,9.184305,104.728714,7.940604,-83.761795,135.92737,4.101242,0.02452985,20646.613,0.99833757,0.035217028,0.009305301,0.025865056,725.7669,5.534006,6.390005,155.23103,0,67,967.6101,21.55251,42.05030611,-78.87136823,
10/7/2025 15:12:55,19.447195,54.180653,1.2250625,48.43433,9.184381,104.7289,7.940467,-83.75396,135.91982,4.100964,0.024530143,20646.514,0.9983376,0.035217423,0.00939219,0.025826322,725.7673,5.533609,6.390285,155.23146,0,67,967.61066,21.551388,42.05030611,-78.87136823,
10/7/2025 15:12:57,19.43172,54.18024,1.4502412,48.41795,9.197224,104.84568,7.942981,-83.891205,135.57674,4.103665,0.024529895,20653.498,0.99834067,0.03521716,0.008807666,0.029392999,725.74774,5.537441,6.387588,155.40388,0,67,967.5846,21.534157,42.05030611,-78.87136823,
10/7/2025 15:12:59,19.430992,54.18054,1.45887,48.417458,9.197806,104.850914,7.943069,-83.895966,135.55997,4.103667,0.024530036,20653.707,0.9983408,0.035217352,0.008771563,0.029524101,725.7469,5.5374417,6.387587,155.41162,0,67,967.5835,21.533072,42.05030611,-78.87136823,
10/7/2025 15:13:01,19.430265,54.180832,1.4674989,48.41697,9.198388,104.85615,7.943157,-83.90073,135.5432,4.103669,0.024530176,20653.916,0.99834096,0.035217542,0.008735461,0.029655205,725.74603,5.537442,6.3875866,155.41936,0,67,967.58234,21.531988,42.05030611,-78.87136823,
10/7/2025 15:13:03,19.429539,54.181126,1.4761276,48.41648,9.19897,104.86138,7.9432454,-83.90549,135.52643,4.103671,0.024530318,20654.125,0.9983411,0.035217732,0.008699358,0.029786307,725.74524,5.537443,6.387586,155.4271,0,67,967.58124,21.530905,42.05030611,-78.87136823,
10/7/2025 15:13:05,19.428812,54.18142,1.4847565,48.41599,9.199552,104.86661,7.9433336,-83.91024,135.50966,4.1036735,0.02453046,20654.334,0.9983412,0.035217926,0.008663257,0.02991741,725.7444,5.537444,6.387585,155.43483,0,67,967.5801,21.529821,42.05030611,-78.87136823,
10/7/2025 15:13:07,19.432625,54.164593,1.3227451,48.404903,9.188106,104.75757,7.9506145,-84.32159,135.2092,4.8818307,0.024522277,20659.064,0.9983405,0.03520699,0.010939254,0.03089477,725.6531,6.6431212,5.609439,155.25233,0,67,967.4583,21.504341,42.05030611,-78.87136823,
10/7/2025 15:13:09,19.4325,54.16396,1.3204662,48.40421,9.187894,104.75545,7.950931,-84.33939,135.19186,4.9112945,0.02452197,20659.361,0.99834055,0.035206575,0.011016043,0.030992156,725.6493,6.6849856,5.5799756,155.2484,0,67,967.4533,21.503067,42.05030611,-78.87136823,
10/7/2025 15:13:11,19.432375,54.163326,1.3181874,48.403515,9.187682,104.753334,7.9512477,-84.35721,135.17453,4.9407587,0.02452166,20659.658,0.99834055,0.035206165,0.011092831,0.03108954,725.6455,6.7268505,5.550513,155.24446,0,67,967.44824,21.501793,42.05030611,-78.87136823,
10/7/2025 15:13:13,19.432251,54.162693,1.3159084,48.402817,9.18747,104.75121,7.9515643,-84.375015,135.15718,4.9702225,0.02452135,20659.955,0.99834055,0.03520575,0.011169621,0.031186927,725.6417,6.768715,5.5210495,155.24052,0,67,967.4432,21.500519,42.05030611,-78.87136823,
10/7/2025 15:13:15,19.212265,53.825527,1.6341609,47.875576,8.996077,102.112144,7.8948684,-81.119675,137.10258,5.0709343,0.024356492,20887.887,0.99838424,0.034986593,0.040799737,0.35984486,725.67456,6.911805,5.4203463,151.38538,0,67,967.487,21.475073,42.05030611,-78.87136823,
10/7/2025 15:13:17,19.203972,53.81248,1.6437845,47.8554,8.988649,102.01047,7.89284,-81.0031,137.17105,5.087413,0.024350114,20896.607,0.9983859,0.034978114,0.04195897,0.3723201,725.67426,6.935219,5.403868,151.23647,0,67,967.48663,21.473671,42.05030611,-78.87136823,
10/7/2025 15:13:19,19.19568,53.799435,1.653408,47.835224,8.981223,101.90879,7.890812,-80.88652,137.23952,5.1038914,0.024343735,20905.328,0.9983875,0.034969635,0.043118197,0.38479534,725.674,6.958633,5.38739,151.08755,0,67,967.48627,21.472267,42.05030611,-78.87136823,
10/7/2025 15:13:21,19.187387,53.78639,1.6630317,47.815052,8.973796,101.80711,7.8887835,-80.76995,137.30797,5.12037,0.024337357,20914.049,0.9983892,0.034961153,0.044277426,0.3972706,725.67377,6.9820466,5.3709126,150.93866,0,67,967.4859,21.470863,42.05030611,-78.87136823,
10/7/2025 15:13:23,19.114864,53.841034,1.662773,47.78903,8.80314,99.73268,7.8474827,-78.425415,139.60764,5.1104345,0.02436365,20925.426,0.9984035,0.03499667,0.040454768,0.66556305,725.62384,6.968114,5.3807178,147.86833,0,67,967.41943,21.462452,42.05030611,-78.87136823,
10/7/2025 15:13:25,19.108545,53.837772,1.6678127,47.77961,8.793475,99.61022,7.8449836,-78.28297,139.72748,5.112097,0.024362039,20929.502,0.99840474,0.03499455,0.04077963,0.6811984,725.6224,6.9704833,5.3790503,147.68788,0,67,967.4175,21.4617,42.05030611,-78.87136823,
10/7/2025 15:13:27,19.102228,53.83451,1.6728525,47.770195,8.78381,99.487755,7.842485,-78.14052,139.84732,5.1137595,0.024360428,20933.578,0.998406,0.03499243,0.0411045,0.69683385,725.6209,6.9728527,5.3773828,147.50742,0,67,967.4155,21.460947,42.05030611,-78.87136823,
10/7/2025 15:13:29,19.095911,53.83125,1.6778923,47.760777,8.774144,99.365295,7.839986,-77.99808,139.96715,5.1154222,0.024358816,20937.654,0.99840724,0.03499031,0.041429367,0.7124692,725.61945,6.975222,5.3757153,147.32697,0,67,967.4136,21.460196,42.05030611,-78.87136823,
10/7/2025 15:13:31,19.03617,53.705036,1.7326667,47.587566,8.643917,97.76504,7.7807727,-74.65034,142.23685,5.1224437,0.02429715,21013.95,0.9984189,0.034908272,0.064013965,0.49060333,725.6759,6.9850674,5.3687863,144.97829,0,67,967.48883,21.4519,42.05030611,-78.87136823,
10/7/2025 15:13:33,19.03262,53.700947,1.7348256,47.580296,8.636036,97.6685,7.77779,-74.48154,142.3628,5.1227546,0.024295146,21017.148,0.9984196,0.034905616,0.06483569,0.4864352,725.67725,6.985507,5.368477,144.83618,0,67,967.4906,21.45143,42.05030611,-78.87136823,
10/7/2025 15:13:35,19.029068,53.696854,1.7369845,47.573025,8.628155,97.57196,7.7748075,-74.31274,142.48874,5.1230655,0.02429314,21020.348,0.9984203,0.034902956,0.065657414,0.48226705,725.67865,6.9859467,5.3681674,144.69408,0,67,967.49243,21.450958,42.05030611,-78.87136823,
10/7/2025 15:13:37,19.025518,53.692764,1.7391433,47.565754,8.620273,97.475426,7.771825,-74.143936,142.61469,5.1233764,0.024291135,21023.549,0.998421,0.034900296,0.06647915,0.47809893,725.68,6.9863863,5.3678584,144.55197,0,67,967.49426,21.450487,42.05030611,-78.87136823,
10/7/2025 15:13:39,19.021969,53.688675,1.7413021,47.558487,8.612391,97.37888,7.768842,-73.97514,142.74062,5.1236873,0.024289131,21026.748,0.99842167,0.03489764,0.06730087,0.4739308,725.6814,6.986826,5.367549,144.40987,0,67,967.4961,21.450016,42.05030611,-78.87136823,
10/7/2025 15:13:41,18.988409,53.941376,1.7623112,47.747726,8.539623,96.49175,7.7342997,-72.02335,144.19179,5.1142197,0.024411924,20943.445,0.99842834,0.035061892,0.113985635,0.39378828,725.6757,6.973348,5.377034,143.10007,0,67,967.4886,21.432825,42.05030611,-78.87136823,
10/7/2025 15:13:43,18.986044,53.9488,1.7640748,47.751865,8.534519,96.42927,7.731956,-71.89088,144.28694,5.1139956,0.024415525,20941.621,0.9984288,0.035066716,0.1161334,0.38727352,725.67645,6.973027,5.37726,143.00804,0,67,967.4895,21.432024,42.05030611,-78.87136823,
10/7/2025 15:13:45,18.98368,53.956223,1.7658385,47.75601,8.529415,96.36679,7.7296124,-71.7584,144.3821,5.113772,0.024419127,20939.799,0.9984293,0.035071544,0.11828116,0.38075876,725.6771,6.972706,5.377486,142.91603,0,67,967.4905,21.431223,42.05030611,-78.87136823,
10/7/2025 15:13:47,18.981318,53.963646,1.7676021,47.76015,8.52431,96.304306,7.7272687,-71.62592,144.47725,5.1135483,0.024422728,20937.975,0.9984298,0.03507637,0.12042893,0.37424403,725.67786,6.972385,5.3777122,142.82402,0,67,967.4914,21.430424,42.05030611,-78.87136823,
10/7/2025 15:13:49,18.978952,53.97107,1.7693657,47.76429,8.519206,96.24182,7.724925,-71.49345,144.5724,5.113324,0.02442633,20936.152,0.99843025,0.035081193,0.1225767,0.36772928,725.6786,6.972064,5.3779383,142.732,0,67,967.4923,21.429623,42.05030611,-78.87136823,
10/7/2025 15:13:51,18.97659,53.978493,1.7711294,47.768433,8.514101,96.17934,7.7225814,-71.36097,144.66756,5.1131005,0.02442993,20934.33,0.99843067,0.035086017,0.12472446,0.36121452,725.67926,6.9717426,5.3781643,142.63998,0,67,967.4933,21.428822,42.05030611,-78.87136823,
10/7/2025 15:13:53,18.974226,53.985916,1.772893,47.772575,8.508997,96.11686,7.7202377,-71.22849,144.76271,5.1128764,0.02443353,20932.506,0.99843115,0.035090845,0.12687223,0.3546998,725.68,6.9714217,5.3783903,142.54797,0,67,967.4942,21.428022,42.05030611,-78.87136823,
10/7/2025 15:13:55,18.97186,53.99334,1.7746565,47.776714,8.503893,96.054375,7.717894,-71.096016,144.85786,5.112653,0.024437133,20930.684,0.9984316,0.03509567,0.12901999,0.34818503,725.68066,6.971101,5.3786163,142.45595,0,67,967.4951,21.427221,42.05030611,-78.87136823,
10/7/2025 15:13:57,18.969498,54.000763,1.7764202,47.780857,8.498788,95.99189,7.7155504,-70.96354,144.95302,5.1124287,0.024440734,20928.86,0.9984321,0.035100494,0.13116775,0.34167027,725.6814,6.9707794,5.3788424,142.36394,0,67,967.4961,21.42642,42.05030611,-78.87136823,
10/7/2025 15:13:59,18.967134,54.008186,1.7781838,47.785,8.493684,95.929405,7.713207,-70.83106,145.04817,5.112205,0.024444336,20927.037,0.9984326,0.035105318,0.13331553,0.33515555,725.68207,6.9704585,5.379068,142.27193,0,67,967.497,21.42562,42.05030611,-78.87136823,
10/7/2025 15:14:01,18.922722,54.084373,1.6453606,47.80652,8.430207,95.12396,7.626693,-65.9541,147.21928,5.9835343,0.024481192,20917.62,0.9984412,0.035154846,0.0706513,0.68114084,725.708,8.208709,4.50762,141.09149,0,67,967.53156,21.407661,42.05030611,-78.87136823,
10/7/2025 15:14:03,18.920397,54.0914,1.6418774,47.810337,8.426186,95.07389,7.623061,-65.74924,147.3258,6.0104356,0.024484597,20915.941,0.9984417,0.03515941,0.069735795,0.689554,725.70886,8.246937,4.4807158,141.01788,0,67,967.5328,21.40672,42.05030611,-78.87136823,
10/7/2025 15:14:05,18.918072,54.098423,1.6383942,47.814156,8.422163,95.02382,7.6194296,-65.54438,147.43234,6.0373363,0.024488004,20914.262,0.9984422,0.035163973,0.06882028,0.69796705,725.7097,8.285165,4.4538116,140.94427,0,67,967.53394,21.405777,42.05030611,-78.87136823,
10/7/2025 15:14:07,18.915747,54.105446,1.6349111,47.817974,8.41814,94.97375,7.615798,-65.339516,147.53888,6.0642376,0.02449141,20912.582,0.9984426,0.03516854,0.06790477,0.7063801,725.71063,8.323394,4.4269075,140.87067,0,67,967.5351,21.404835,42.05030611,-78.87136823,
10/7/2025 15:14:09,18.91342,54.11247,1.6314279,47.821793,8.414118,94.92367,7.612166,-65.13466,147.6454,6.0911384,0.024494816,20910.902,0.99844307,0.035173103,0.066989265,0.71479326,725.7115,8.361622,4.4000034,140.79706,0,67,967.5363,21.403893,42.05030611,-78.87136823,
10/7/2025 15:14:11,18.911095,54.11949,1.6279446,47.82561,8.410096,94.8736,7.6085343,-64.929794,147.75194,6.1180396,0.024498222,20909.223,0.99844354,0.03517767,0.06607375,0.72320634,725.7124,8.39985,4.3730993,140.72345,0,67,967.5375,21.40295,42.05030611,-78.87136823,
10/7/2025 15:14:13,18.90877,54.126514,1.6244614,47.82943,8.406074,94.823524,7.6049027,-64.72493,147.85847,6.144941,0.02450163,20907.543,0.99844396,0.035182234,0.06515825,0.7316195,725.71326,8.438078,4.346195,140.64984,0,67,967.53864,21.402008,42.05030611,-78.87136823,
10/7/2025 15:14:15,18.535015,54.687706,3.5716524,47.933674,7.4048676,82.9206,7.398557,-53.055492,159.74385,6.109533,0.024772512,20862.205,0.998516,0.035547014,0.026382584,0.16392034,725.7068,8.387623,4.381705,123.05625,0,67,967.52997,21.369627,42.05030611,-78.87136823,
10/7/2025 15:14:17,18.52763,54.6995,3.6024733,47.936375,7.3862014,82.69758,7.393274,-52.75698,159.99442,6.1239867,0.024778208,20861.025,0.99851745,0.035554677,0.024921853,0.15949275,725.7072,8.40816,4.367251,122.72682,0,67,967.5306,21.368666,42.05030611,-78.87136823,
10/7/2025 15:14:19,18.520245,54.711292,3.633294,47.939075,7.3675356,82.474556,7.3879905,-52.45847,160.24498,6.1384406,0.024783904,20859.846,0.9985189,0.035562344,0.023461124,0.15506515,725.70764,8.428698,4.352797,122.39739,0,67,967.5311,21.367702,42.05030611,-78.87136823,
10/7/2025 15:14:21,18.51286,54.723087,3.6641147,47.94178,7.3488693,82.25153,7.382707,-52.159958,160.49554,6.1528945,0.0247896,20858.666,0.9985203,0.03557001,0.022000393,0.15063755,725.70807,8.449236,4.338343,122.06796,0,67,967.5317,21.366741,42.05030618,-78.87136831,
10/7/2025 15:14:23,18.505474,54.73488,3.6949356,47.94448,7.3302035,82.02851,7.377424,-51.861446,160.74611,6.1673484,0.024795296,20857.488,0.99852175,0.035577673,0.020539664,0.14620996,725.7085,8.469773,4.3238893,121.73853,0,67,967.5322,21.36578,42.05030618,-78.87136831,
10/7/2025 15:14:25,18.498089,54.74667,3.7257564,47.94718,7.3115373,81.80549,7.37214,-51.562935,160.99667,6.1818023,0.024800992,20856.309,0.9985231,0.03558534,0.019078933,0.14178236,725.7089,8.490312,4.3094354,121.4091,0,67,967.53284,21.364817,42.05030618,-78.87136831,
10/7/2025 15:14:27,18.490704,54.758465,3.756577,47.949886,7.292871,81.582466,7.3668566,-51.264423,161.24724,6.196256,0.024806688,20855.129,0.99852455,0.035593007,0.017618204,0.13735476,725.70935,8.510849,4.294981,121.07968,0,67,967.5334,21.363855,42.05030618,-78.87136831,
10/7/2025 15:14:29,18.173323,54.878494,5.280776,47.72217,4.5091834,50.16898,7.1623797,-39.74002,168.36797,6.127315,0.024862858,20954.682,0.9985843,0.035671026,0.020525731,0.068006545,725.70654,8.412871,4.3639355,74.48484,0,67,967.52966,21.3372,42.05030618,-78.87136831,
10/7/2025 15:14:31,18.163612,54.884945,5.326802,47.71767,4.438158,49.36368,7.1560936,-39.385498,168.61047,6.128425,0.02486593,20956.65,0.9985861,0.035675216,0.020239852,0.06422144,725.70654,8.414448,4.362826,73.290764,0,67,967.52966,21.336311,42.05030618,-78.87136831,
10/7/2025 15:14:33,18.1539,54.891396,5.372828,47.71317,4.367132,48.55838,7.1498075,-39.030975,168.85297,6.1295357,0.024869004,20958.617,0.99858797,0.03567941,0.019953974,0.06043634,725.70654,8.416025,4.3617163,72.096695,0,67,967.52966,21.33542,42.05030618,-78.87136831,
10/7/2025 15:14:35,18.144188,54.897846,5.418854,47.708668,4.296107,47.75308,7.1435213,-38.676453,169.09546,6.1306458,0.024872078,20960.586,0.9985898,0.035683602,0.019668095,0.056651235,725.70654,8.417602,4.3606067,70.90262,0,67,967.52966,21.334532,42.05030618,-78.87136831,
10/7/2025 15:14:37,18.134476,54.904297,5.4648805,47.70417,4.225081,46.94778,7.137235,-38.32193,169.33795,6.131756,0.024875151,20962.555,0.99859166,0.035687797,0.019382216,0.05286613,725.70654,8.419178,4.359497,69.70854,0,67,967.52966,21.333643,42.05030618,-78.87136831,
10/7/2025 15:14:39,18.124765,54.910748,5.5109067,47.69967,4.154055,46.14248,7.130949,-37.967407,169.58044,6.132866,0.024878224,20964.523,0.99859345,0.035691988,0.019096337,0.049081028,725.70654,8.420755,4.358387,68.514465,0,67,967.52966,21.332754,42.05030618,-78.87136831,
10/7/2025 15:14:41,18.115053,54.9172,5.556933,47.695168,4.0830297,45.337177,7.124663,-37.612885,169.82294,6.1339765,0.024881296,20966.49,0.9985953,0.035696182,0.018810458,0.04529592,725.70654,8.422332,4.3572774,67.3204,0,67,967.52966,21.331863,42.05030611,-78.87136824,
10/7/2025 15:14:43,17.819113,55.21904,5.450807,47.64509,2.5857663,28.561525,6.989359,-29.99341,170.45042,6.149481,0.025025675,20988.56,0.9986501,0.035892375,0.02964705,0.030347927,725.7448,8.444335,4.3417926,42.427124,0,67,967.58075,21.322554,42.05030611,-78.87136823,
10/7/2025 15:14:45,17.809446,55.226547,5.461228,47.641426,2.5237122,27.864828,6.9843426,-29.710882,170.52309,6.149691,0.02502925,20990.166,0.99865186,0.035897255,0.029940236,0.0302492,725.7457,8.444633,4.341583,41.393417,0,67,967.5819,21.3221,42.05030611,-78.87136823,
10/7/2025 15:14:47,17.799782,55.234055,5.4716487,47.637764,2.461658,27.168133,6.9793262,-29.428356,170.59576,6.1499014,0.025032824,20991.771,0.99865365,0.035902135,0.030233424,0.030150475,725.74664,8.444931,4.3413734,40.359707,0,67,967.5831,21.321646,42.05030611,-78.87136823,
10/7/2025 15:14:49,17.790115,55.24156,5.482069,47.6341,2.3996038,26.471436,6.9743094,-29.145828,170.66843,6.150111,0.0250364,20993.375,0.9986555,0.035907015,0.03052661,0.03005175,725.7475,8.445229,4.3411636,39.326,0,67,967.5843,21.32119,42.05030611,-78.87136823,
10/7/2025 15:14:51,17.780449,55.24907,5.49249,47.63044,2.3375494,25.774738,6.969293,-28.8633,170.74109,6.1503215,0.025039975,20994.98,0.9986573,0.035911895,0.030819796,0.029953023,725.7484,8.445527,4.340954,38.29229,0,67,967.5855,21.320736,42.05030611,-78.87136823,
10/7/2025 15:14:53,17.770784,55.25658,5.5029106,47.626778,2.2754953,25.078041,6.964277,-28.580774,170.81377,6.150532,0.025043549,20996.586,0.9986591,0.035916775,0.031112982,0.029854298,725.7493,8.445825,4.340744,37.258583,0,67,967.5867,21.320282,42.05030611,-78.87136823,
10/7/2025 15:14:55,17.761118,55.264088,5.513331,47.623116,2.2134411,24.381346,6.9592605,-28.298246,170.88643,6.1507416,0.025047123,20998.191,0.99866086,0.035921656,0.031406168,0.029755572,725.7502,8.446123,4.340534,36.224876,0,67,967.5879,21.319826,42.05030611,-78.87136823,
10/7/2025 15:14:57,17.535915,56.467102,5.4179034,48.415573,1.4855331,16.309408,6.866427,-23.081251,150.73329,6.9256454,0.025629884,20655.457,0.9987019,0.03670362,0.024566006,0.030431991,725.7244,9.547181,3.5656378,24.236229,0,67,967.5535,21.294855,42.05030611,-78.87136823,
10/7/2025 15:14:59,17.527594,56.498203,5.414823,48.433453,1.4521638,15.937583,6.862841,-22.87958,150.26799,6.943895,0.025644928,20647.729,0.9987034,0.036723834,0.024527775,0.030424835,725.72424,9.573112,3.5473886,23.684217,0,67,967.5532,21.294174,42.05030611,-78.87136823,
10/7/2025 15:15:01,17.519272,56.5293,5.4117427,48.451336,1.4187946,15.565758,6.8592553,-22.677908,149.80269,6.962145,0.025659975,20640,0.9987049,0.03674405,0.024489542,0.030417679,725.724,9.599042,3.5291393,23.132206,0,67,967.553,21.293491,42.05030611,-78.87136823,
10/7/2025 15:15:03,17.51095,56.560402,5.4086623,48.469215,1.3854253,15.193933,6.8556695,-22.476236,149.33739,6.9803944,0.02567502,20632.271,0.99870646,0.036764264,0.024451312,0.030410523,725.7238,9.624973,3.51089,22.580194,0,67,967.5527,21.29281,42.05030611,-78.87136821,
10/7/2025 15:15:05,17.502628,56.5915,5.4055815,48.4871,1.352056,14.822107,6.852083,-22.274565,148.87209,6.998644,0.025690066,20624.541,0.99870795,0.036784478,0.02441308,0.030403364,725.7236,9.650904,3.4926407,22.028181,0,67,967.55237,21.292128,42.05030611,-78.87136823,
10/7/2025 15:15:07,17.494307,56.6226,5.402501,48.504982,1.3186867,14.450282,6.8484974,-22.072893,148.40678,7.016894,0.02570511,20616.812,0.9987095,0.03680469,0.024374848,0.030396208,725.7234,9.676834,3.4743915,21.47617,0,67,967.55206,21.291447,42.05030611,-78.87136823,
10/7/2025 15:15:09,17.485985,56.653698,5.3994207,48.52286,1.2853175,14.078456,6.8449116,-21.871222,147.94148,7.0351434,0.025720157,20609.084,0.998711,0.036824908,0.024336617,0.030389052,725.72314,9.7027645,3.4561422,20.924158,0,67,967.5518,21.290764,42.05030611,-78.87136823,
10/7/2025 15:15:11,16.365767,65.02021,5.255134,54.26242,0.7767623,8.348742,6.745939,-16.27394,-5.443617,7.055688,0.029768718,18472.354,0.99890655,0.042263135,0.008927676,0.036115825,725.74176,9.732032,3.4355452,12.422842,0,67,967.5766,21.265617,42.05030611,-78.87136823,
10/7/2025 15:15:13,16.33707,65.228355,5.250982,54.4047,0.7562198,8.118663,6.742578,-16.08423,-9.236001,7.0640664,0.029869443,18418.904,0.99891156,0.042398427,0.008503443,0.03625475,725.74194,9.743938,3.427165,12.081345,0,67,967.57684,21.264765,42.0503061,-78.87136822,
10/7/2025 15:15:15,16.308376,65.4365,5.24683,54.54698,0.73567736,7.888583,6.7392173,-15.894522,-13.028385,7.0724454,0.029970169,18365.453,0.9989166,0.04253372,0.00807921,0.036393672,725.7421,9.755846,3.418785,11.739846,0,67,967.57715,21.263914,42.0503061,-78.87136822,
10/7/2025 15:15:17,16.279682,65.64464,5.2426777,54.68926,0.71513486,7.6585035,6.735856,-15.704813,-16.820768,7.0808244,0.030070895,18312.004,0.99892163,0.042669013,0.007654978,0.036532596,725.7423,9.767754,3.4104052,11.398349,0,67,967.5774,21.263062,42.0503061,-78.87136822,
10/7/2025 15:15:19,16.250986,65.85278,5.238526,54.83154,0.69459236,7.4284244,6.7324953,-15.515104,-20.613153,7.089203,0.030171622,18258.555,0.99892664,0.04280431,0.007230745,0.036671516,725.74255,9.77966,3.4020252,11.05685,0,67,967.57764,21.26221,42.0503061,-78.87136822,
10/7/2025 15:15:21,16.222292,66.06093,5.2343736,54.97382,0.6740499,7.1983447,6.7291346,-15.325396,-24.405537,7.097582,0.030272348,18205.105,0.9989317,0.042939603,0.006806512,0.03681044,725.74274,9.791568,3.393645,10.715352,0,67,967.5779,21.261358,42.0503061,-78.87136822,
10/7/2025 15:15:23,16.193596,66.26907,5.2302213,55.1161,0.6535074,6.9682655,6.725774,-15.135687,-28.197922,7.105961,0.030373074,18151.656,0.9989367,0.043074895,0.006382279,0.036949363,725.7429,9.803474,3.385265,10.373855,0,67,967.5781,21.260508,42.0503061,-78.87136822,
10/7/2025 15:15:25,15.330688,68.57682,4.2364035,55.88771,0.45524213,4.7865143,6.734034,-15.550719,-59.638985,7.080869,0.031473473,17906.936,0.9990739,0.044574935,0.00614366,0.035982277,725.74963,9.767831,3.4103503,7.131347,0,67,967.5871,21.227156,42.0503061,-78.87136822,
10/7/2025 15:15:27,15.298914,68.716515,4.21157,55.964443,0.44478008,4.6699452,6.7331524,-15.499665,-61.943096,7.0808663,0.031540688,17879.344,0.9990791,0.044665735,0.00598053,0.036017634,725.74994,9.767828,3.4103527,6.9582577,0,67,967.5876,21.226105,42.0503061,-78.87136822,
10/7/2025 15:15:29,15.2671385,68.85621,4.1867356,56.041176,0.43431804,4.5533757,6.732271,-15.448611,-64.24721,7.080863,0.0316079,17851.754,0.99908435,0.044756535,0.0058174,0.036052994,725.7503,9.767824,3.4103553,6.7851677,0,67,967.588,21.225054,42.0503061,-78.87136822,
10/7/2025 15:15:31,15.235364,68.9959,4.161902,56.11791,0.423856,4.4368067,6.7313895,-15.397556,-66.55132,7.08086,0.031675115,17824.162,0.9990896,0.044847336,0.00565427,0.03608835,725.7507,9.76782,3.4103577,6.612078,0,67,967.5885,21.224003,42.0503061,-78.87136822,
10/7/2025 15:15:33,15.203589,69.13559,4.137068,56.19464,0.41339394,4.3202376,6.730508,-15.346502,-68.85543,7.0808573,0.03174233,17796.572,0.99909484,0.044938136,0.00549114,0.03612371,725.751,9.7678175,3.41036,6.4389887,0,67,967.5889,21.22295,42.0503061,-78.87136822,
10/7/2025 15:15:35,15.171814,69.27528,4.112234,56.271374,0.4029319,4.203668,6.7296267,-15.295448,-71.159546,7.080854,0.031809546,17768.98,0.9991001,0.045028936,0.00532801,0.036159072,725.75134,9.767814,3.4103625,6.2658987,0,67,967.58936,21.221899,42.0503061,-78.87136822,
10/7/2025 15:15:37,15.140039,69.41498,4.0874,56.348106,0.39246985,4.087099,6.728745,-15.244393,-73.46365,7.080851,0.031876758,17741.39,0.9991053,0.045119736,0.00516488,0.03619443,725.75165,9.767811,3.4103649,6.092809,0,67,967.58984,21.220848,42.05030611,-78.87136823,
10/7/2025 15:15:39,14.7310705,69.89756,4.028124,56.183876,0.2580676,2.6733685,6.7349586,-15.567907,-84.08185,7.0876646,0.032099195,17798.867,0.999166,0.045433413,0.000846,0.03671104,725.7195,9.777449,3.4035816,3.9861753,0,67,967.54694,21.196058,42.05030611,-78.87136823,
10/7/2025 15:15:41,14.712144,69.93641,4.0165367,56.190643,0.25250977,2.613661,6.735124,-15.576097,-84.724495,7.087721,0.032117568,17796.686,0.99916893,0.045458667,0.000734162,0.036716007,725.7188,9.777528,3.403526,3.897317,0,67,967.546,21.195122,42.05031751,-78.87135079,
10/7/2025 15:15:43,14.693216,69.97526,4.004949,56.197414,0.24695192,2.553954,6.73529,-15.584287,-85.36715,7.087777,0.03213594,17794.504,0.99917185,0.045483917,0.000622325,0.03672097,725.71814,9.777607,3.4034705,3.8084586,0,67,967.54517,21.194185,42.05031634,-78.87134919,
10/7/2025 15:15:45,14.674289,70.01411,3.993362,56.20418,0.24139407,2.4942465,6.7354555,-15.592477,-86.0098,7.087833,0.03215431,17792.324,0.9991748,0.045509167,0.000510488,0.036725935,725.71747,9.777685,3.403415,3.7196002,0,67,967.54425,21.193249,42.05031634,-78.87134919,
10/7/2025 15:15:47,14.655361,70.05295,3.9817748,56.210953,0.23583624,2.434539,6.7356215,-15.600666,-86.65245,7.087889,0.032172684,17790.143,0.9991777,0.04553442,0.000398651,0.036730897,725.7168,9.777764,3.4033594,3.6307418,0,67,967.54333,21.19231,42.05031634,-78.87134919,
10/7/2025 15:15:49,14.636434,70.0918,3.9701874,56.21772,0.23027839,2.374832,6.735787,-15.608856,-87.295105,7.0879455,0.032191057,17787.96,0.9991806,0.04555967,0.000286813,0.036735862,725.7161,9.777843,3.4033039,3.5418835,0,67,967.5424,21.191374,42.05031634,-78.87134919,
10/7/2025 15:15:51,14.617506,70.130646,3.9586,56.22449,0.22472055,2.3151245,6.7359524,-15.617045,-87.93775,7.0880017,0.03220943,17785.78,0.99918354,0.04558492,0.000174976,0.03674083,725.71545,9.777923,3.4032483,3.453025,0,67,967.5415,21.190437,42.05031634,-78.87134919,
10/7/2025 15:15:53,14.387623,70.72463,4.011141,56.38783,0.1596053,1.6389198,6.756318,-16.732037,-96.65941,7.085974,0.032490253,17734.352,0.9992169,0.045971014,0.000500996,0.033233553,725.73444,9.775021,3.4052904,2.4449143,0,67,967.5669,21.165758,42.05031634,-78.87134919,
10/7/2025 15:15:55,14.377493,70.74599,4.011294,56.391357,0.15652362,1.606591,6.7568436,-16.760576,-97.01308,7.085995,0.03250031,17733.238,0.9992184,0.045984894,0.000461947,0.033157174,725.73456,9.77505,3.4052699,2.3967402,0,67,967.5671,21.16491,42.05031634,-78.87134919,
10/7/2025 15:15:57,14.367362,70.76734,4.0114474,56.39489,0.15344195,1.5742623,6.757369,-16.789118,-97.366745,7.086016,0.03251037,17732.125,0.99921995,0.045998774,0.000422897,0.033080794,725.7347,9.775079,3.4052496,2.348566,0,67,967.5672,21.164059,42.05031634,-78.87134919,
10/7/2025 15:15:59,14.357232,70.7887,4.0116005,56.39842,0.15036027,1.5419334,6.757894,-16.817657,-97.72041,7.0860376,0.03252043,17731.012,0.99922144,0.04601265,0.000383848,0.033004414,725.7348,9.775107,3.405229,2.300392,0,67,967.5674,21.16321,42.05031634,-78.87134919,
10/7/2025 15:16:01,14.347102,70.81004,4.0117536,56.40195,0.14727859,1.5096046,6.7584195,-16.846199,-98.07409,7.0860586,0.032530487,17729.898,0.99922293,0.04602653,0.000344798,0.032928035,725.7349,9.775137,3.4052086,2.2522178,0,67,967.56757,21.16236,42.05031634,-78.87134919,
10/7/2025 15:16:03,14.336972,70.8314,4.0119066,56.405483,0.14419693,1.4772757,6.758945,-16.874739,-98.42776,7.0860796,0.032540545,17728.785,0.9992244,0.046040412,0.000305749,0.032851655,725.7351,9.775166,3.405188,2.2040436,0,67,967.56775,21.161509,42.05031634,-78.87134919,
10/7/2025 15:16:05,14.326842,70.85275,4.0120597,56.40901,0.14111525,1.444947,6.75947,-16.90328,-98.781425,7.0861006,0.0325506,17727.674,0.9992259,0.04605429,0.000266699,0.032775275,725.7352,9.775195,3.4051678,2.1558695,0,67,967.5679,21.16066,42.05031637,-78.87134919,
10/7/2025 15:16:07,14.22459,71.15121,3.9036813,56.507153,0.10864654,1.1108212,6.7938886,-18.801884,-108.50157,7.945111,0.03269193,17696.902,0.99924034,0.046248283,4.13E-05,0.1268037,725.7103,10.995794,2.5461419,1.6574247,0,67,967.5347,21.144243,42.05031635,-78.87134919,
10/7/2025 15:16:09,14.21953,71.1649,3.9014664,56.511227,0.10712697,1.0950782,6.7949066,-18.85793,-108.82948,7.965282,0.03269841,17695.621,0.99924105,0.046257187,3.73E-05,0.12897839,725.70996,11.024456,2.5259707,1.6339496,0,67,967.5342,21.14359,42.05031634,-78.87134919,
10/7/2025 15:16:11,14.214469,71.178604,3.8992515,56.515297,0.10560741,1.0793352,6.795924,-18.913977,-109.1574,7.9854527,0.032704893,17694.342,0.99924177,0.04626609,3.33E-05,0.13115309,725.70953,11.053118,2.5057995,1.6104746,0,67,967.5336,21.14294,42.05031634,-78.87134919,
10/7/2025 15:16:13,14.209409,71.1923,3.8970363,56.51937,0.104087844,1.0635921,6.796942,-18.970022,-109.48531,8.005624,0.032711376,17693.06,0.9992425,0.046274994,2.93E-05,0.1333278,725.7091,11.0817795,2.4856281,1.5869995,0,67,967.5331,21.142288,42.05031634,-78.87134919,
10/7/2025 15:16:15,14.204349,71.20599,3.8948214,56.523445,0.102568276,1.047849,6.7979603,-19.026068,-109.81323,8.025795,0.032717858,17691.781,0.99924326,0.046283897,2.53E-05,0.1355025,725.70874,11.110441,2.465457,1.5635245,0,67,967.5326,21.141636,42.05031634,-78.87134919,
10/7/2025 15:16:17,14.199288,71.219696,3.8926065,56.527515,0.101048715,1.032106,6.798978,-19.082113,-110.14114,8.045966,0.03272434,17690.502,0.999244,0.0462928,2.13E-05,0.1376772,725.7083,11.139102,2.4452856,1.5400494,0,67,967.53204,21.140984,42.0503226,-78.87134858,
10/7/2025 15:16:19,14.194228,71.23339,3.8903916,56.53159,0.09952915,1.016363,6.799996,-19.138159,-110.469055,8.066137,0.03273082,17689.22,0.9992447,0.046301704,1.72E-05,0.1398519,725.7079,11.167764,2.4251144,1.5165744,0,67,967.5315,21.140331,42.05032264,-78.87134857,
10/7/2025 15:16:21,13.484483,73.57569,4.39918,57.386543,0.07985959,0.80384755,6.861108,-22.462475,-120.57087,8.062988,0.033839542,17426.469,0.9993422,0.047824197,0.027825724,0.29466745,725.7077,11.163312,2.4282475,1.2003067,0,67,967.5312,21.123919,42.05032264,-78.87134857,
10/7/2025 15:16:23,13.466622,73.63403,4.4100237,57.40766,0.07901811,0.79494095,6.8629,-22.560225,-120.91236,8.07163,0.03386716,17419.97,0.99934465,0.047862124,0.028475428,0.2992534,725.70746,11.175591,2.4196055,1.1870385,0,67,967.5309,21.123352,42.05032264,-78.87134857,
10/7/2025 15:16:25,13.448763,73.69238,4.4208674,57.42878,0.07817662,0.7860343,6.8646917,-22.657974,-121.25385,8.080271,0.03389478,17413.475,0.9993471,0.04790005,0.02912513,0.30383933,725.7072,11.187871,2.4109638,1.1737704,0,67,967.5305,21.122787,42.05032264,-78.87134857,
10/7/2025 15:16:27,13.4309025,73.75073,4.4317107,57.449898,0.07733513,0.7771277,6.866484,-22.755724,-121.595345,8.088913,0.0339224,17406.977,0.9993496,0.047937978,0.029774832,0.30842528,725.7069,11.2001505,2.4023218,1.1605023,0,67,967.5302,21.122221,42.05032264,-78.87134857,
10/7/2025 15:16:29,13.413042,73.80908,4.4425545,57.47102,0.076493636,0.768221,6.868276,-22.853474,-121.93684,8.097554,0.03395002,17400.48,0.99935204,0.047975905,0.030424533,0.31301123,725.70667,11.21243,2.3936799,1.1472342,0,67,967.52985,21.121655,42.05032264,-78.87134857,
10/7/2025 15:16:31,13.395183,73.86743,4.453398,57.492138,0.075652145,0.75931436,6.870068,-22.951223,-122.27833,8.106195,0.03397764,17393.982,0.9993545,0.048013832,0.031074235,0.31759718,725.7064,11.2247095,2.385038,1.1339661,0,67,967.5295,21.12109,42.05032264,-78.87134857,
10/7/2025 15:16:33,13.377322,73.92578,4.464242,57.513256,0.07481066,0.75040776,6.87186,-23.048973,-122.61982,8.114837,0.03400526,17387.486,0.9993569,0.048051756,0.03172394,0.3221831,725.7062,11.236989,2.376396,1.120698,0,67,967.5292,21.120523,42.05032264,-78.87134857,
10/7/2025 15:16:35,13.132583,74.678734,4.301863,57.748142,0.056769587,0.56687355,6.915725,-25.44682,-128.89732,8.059218,0.03435956,17316.934,0.9993889,0.048541177,0.022671469,0.3056032,725.6813,11.157993,2.4319906,0.84675014,0,67,967.4959,21.103897,42.05032264,-78.87134857,
10/7/2025 15:16:37,13.119565,74.72035,4.303104,57.762375,0.05612052,0.5601411,6.917395,-25.537945,-129.15283,8.058197,0.034379207,17312.598,0.99939066,0.04856823,0.022736983,0.30680415,725.68066,11.156543,2.4330118,0.8367109,0,67,967.4951,21.103327,42.05032264,-78.87134857,
10/7/2025 15:16:39,13.106547,74.76197,4.304344,57.776604,0.05547145,0.5534086,6.919065,-25.629068,-129.40836,8.057175,0.034398858,17308.264,0.9993924,0.04859528,0.022802496,0.3080051,725.68005,11.155091,2.434033,0.82667166,0,67,967.4943,21.102758,42.05032264,-78.87134857,
10/7/2025 15:16:41,13.09353,74.80359,4.305585,57.790833,0.054822385,0.54667616,6.920735,-25.720194,-129.66388,8.056153,0.03441851,17303.928,0.9993941,0.048622333,0.02286801,0.30920604,725.67944,11.153641,2.435054,0.81663245,0,67,967.4935,21.10219,42.05032264,-78.87134857,
10/7/2025 15:16:43,13.080513,74.84521,4.3068256,57.805065,0.054173317,0.5399437,6.922405,-25.81132,-129.91939,8.055131,0.034438156,17299.592,0.9993959,0.04864938,0.022933522,0.31040698,725.67883,11.152189,2.4360752,0.80659324,0,67,967.49274,21.10162,42.05032264,-78.87134857,
10/7/2025 15:16:45,13.067495,74.886826,4.308066,57.819294,0.05352425,0.5332113,6.9240746,-25.902443,-130.17491,8.05411,0.034457806,17295.258,0.99939764,0.048676435,0.022999037,0.31160793,725.6782,11.150739,2.4370966,0.79655397,0,67,967.49194,21.101051,42.05032264,-78.87134857,
10/7/2025 15:16:47,13.054478,74.928444,4.3093066,57.833527,0.05287518,0.5264788,6.9257445,-25.993568,-130.43042,8.053087,0.034477457,17290.922,0.99939936,0.048703484,0.02306455,0.31280887,725.6777,11.149287,2.4381177,0.78651476,0,67,967.49115,21.100481,42.05032264,-78.87134857,
10/7/2025 15:16:49,12.753659,75.30389,4.224549,57.68898,0.03284763,0.32533064,6.9543266,-27.539211,-135.41599,8.051211,0.034645885,17334.35,0.999437,0.048947528,0.016974032,0.35165927,725.70294,11.146559,2.440038,0.48614755,0,67,967.5249,21.092361,42.05032264,-78.87134857,
10/7/2025 15:16:51,12.743816,75.321266,4.221048,57.688282,0.032179296,0.31858766,6.955474,-27.601538,-135.60254,8.050728,0.034653872,17334.559,0.9994382,0.048958827,0.016747411,0.35247105,725.7033,11.145871,2.4405222,0.47608015,0,67,967.5253,21.091991,42.05032264,-78.87134857,
10/7/2025 15:16:53,12.7339735,75.338646,4.2175474,57.687584,0.03151096,0.31184468,6.9566216,-27.663864,-135.78908,8.050244,0.03466186,17334.766,0.9994395,0.048970122,0.016520793,0.35328284,725.7036,11.145183,2.4410062,0.46601278,0,67,967.52576,21.091621,42.05032264,-78.87134857,
10/7/2025 15:16:55,12.724131,75.356026,4.214047,57.68689,0.030842626,0.30510172,6.957769,-27.72619,-135.97562,8.049761,0.034669846,17334.973,0.9994407,0.04898142,0.016294172,0.3540946,725.704,11.144495,2.4414904,0.4559454,0,67,967.52625,21.091251,42.05032264,-78.87134857,
10/7/2025 15:16:57,12.714288,75.373405,4.210546,57.68619,0.03017429,0.29835874,6.958916,-27.788517,-136.16216,8.049278,0.03467783,17335.182,0.9994419,0.048992716,0.016067553,0.35490638,725.7043,11.143807,2.4419744,0.44587803,0,67,967.5267,21.090883,42.05032264,-78.87134857,
10/7/2025 15:16:59,12.704445,75.390785,4.2070456,57.685493,0.029505955,0.29161575,6.960064,-27.850843,-136.34871,8.048795,0.034685817,17335.389,0.9994432,0.049004015,0.015840933,0.35571817,725.70465,11.143119,2.4424586,0.43581066,0,67,967.52716,21.090513,42.05032264,-78.87134857,
10/7/2025 15:17:01,12.694602,75.408165,4.203545,57.684795,0.02883762,0.2848728,6.961211,-27.91317,-136.53525,8.048311,0.034693804,17335.596,0.9994444,0.04901531,0.015614313,0.35652992,725.70496,11.142431,2.4429426,0.42574325,0,67,967.5276,21.090143,42.05032264,-78.87134857,
10/7/2025 15:17:03,12.597205,76.00575,8.746971,57.99993,0.015513345,0.15310773,6.9737654,-28.594288,-145.91676,8.898415,0.034978144,17241.482,0.9994566,0.049403742,0.004410185,0.07133814,725.68646,12.350342,1.5928473,0.22882429,0,67,967.50287,21.08199,42.05032264,-78.87134857,
10/7/2025 15:17:05,12.59167,76.024284,8.8534155,58.006126,0.014986329,0.14786005,6.974376,-28.627394,-146.1926,8.918454,0.034986857,17239.633,0.9994573,0.049415786,0.004084607,0.06501216,725.6863,12.378815,1.5728087,0.22098458,0,67,967.5026,21.081705,42.05032264,-78.87134857,
10/7/2025 15:17:07,12.586135,76.042816,8.959861,58.012325,0.014459313,0.14261237,6.9749875,-28.660501,-146.46843,8.938493,0.03499557,17237.785,0.99945796,0.049427833,0.003759029,0.05868618,725.6861,12.407288,1.5527701,0.21314487,0,67,967.5024,21.08142,42.05032264,-78.87134857,
10/7/2025 15:17:09,12.580601,76.06135,9.066305,58.01852,0.013932297,0.13736469,6.9755983,-28.693607,-146.74426,8.958532,0.035004284,17235.936,0.9994587,0.049439877,0.003433451,0.0523602,725.6859,12.4357605,1.5327315,0.20530514,0,67,967.50214,21.081139,42.05030937,-78.87136013,
10/7/2025 15:17:11,12.575066,76.07988,9.17275,58.024715,0.013405281,0.13211702,6.976209,-28.726713,-147.0201,8.978572,0.035012994,17234.086,0.9994593,0.049451925,0.003107873,0.04603422,725.68567,12.464233,1.5126929,0.19746543,0,67,967.50183,21.080854,42.05030439,-78.87136446,
10/7/2025 15:17:13,12.5695305,76.09841,9.279196,58.030914,0.012878265,0.12686934,6.9768205,-28.75982,-147.29593,8.9986105,0.035021707,17232.236,0.99946004,0.049463972,0.002782295,0.03970824,725.6855,12.492707,1.4926542,0.18962573,0,67,967.5016,21.080572,42.05030437,-78.87136448,
10/7/2025 15:17:15,12.563995,76.11694,9.38564,58.03711,0.01235125,0.12162165,6.9774313,-28.792927,-147.57176,9.01865,0.03503042,17230.389,0.99946076,0.049476016,0.002456717,0.033382263,725.6853,12.52118,1.4726156,0.181786,0,67,967.50134,21.080288,42.05030523,-78.87136447,
10/7/2025 15:17:17,11.833121,81.11648,10.052317,60.702385,0.014488136,0.1404086,6.986929,-29.240139,-152.97731,9.016623,0.037406094,16480.498,0.9995471,0.052725714,0.010601691,0.03391254,725.6912,12.518319,1.4746288,0.21001126,0,67,967.5093,21.072,42.05030523,-78.87136447,
10/7/2025 15:17:19,11.814717,81.24098,10.11402,60.76859,0.014394517,0.13942546,6.9872966,-29.258482,-153.2027,9.025172,0.037465256,16461.816,0.9995493,0.052806642,0.010677684,0.031049028,725.69116,12.530469,1.4660786,0.20854563,0,67,967.5092,21.071718,42.05030515,-78.87136447,
10/7/2025 15:17:21,11.796314,81.36549,10.175724,60.834793,0.014300897,0.13844232,6.987664,-29.276827,-153.42807,9.033723,0.03752442,16443.135,0.9995515,0.05288757,0.010753677,0.028185515,725.69116,12.542618,1.4575285,0.20708,0,67,967.5092,21.071434,42.05030515,-78.87136447,
10/7/2025 15:17:23,11.77791,81.49,10.237428,60.900997,0.014207277,0.13745917,6.9880323,-29.29517,-153.65346,9.042273,0.037583586,16424.451,0.9995537,0.052968502,0.010829669,0.025322001,725.6911,12.554767,1.4489783,0.20561439,0,67,967.50916,21.07115,42.05030515,-78.87136447,
10/7/2025 15:17:25,11.759507,81.61451,10.299131,60.9672,0.014113656,0.13647604,6.9884,-29.313513,-153.87885,9.050822,0.037642747,16405.77,0.9995558,0.05304943,0.010905663,0.02245849,725.69104,12.5669155,1.4404281,0.20414875,0,67,967.5091,21.070866,42.05030514,-78.87136447,
10/7/2025 15:17:27,11.741103,81.73901,10.360835,61.033405,0.014020037,0.13549289,6.9887676,-29.331856,-154.10422,9.059372,0.037701912,16387.088,0.99955803,0.053130362,0.010981655,0.019594977,725.69104,12.579064,1.431878,0.20268314,0,67,967.50903,21.070583,42.05030514,-78.87136447,
10/7/2025 15:17:29,11.7227,81.863525,10.422539,61.09961,0.013926417,0.13450976,6.9891353,-29.350199,-154.3296,9.067923,0.037761074,16368.406,0.99956024,0.05321129,0.011057648,0.016731465,725.691,12.591213,1.4233278,0.20121752,0,67,967.509,21.0703,42.05030514,-78.87136447,
10/7/2025 15:17:31,11.704296,81.98803,10.484243,61.165813,0.013832796,0.13352661,6.9895034,-29.368544,-154.555,9.076472,0.03782024,16349.725,0.9995624,0.053292222,0.01113364,0.013867952,725.6909,12.603363,1.4147776,0.19975188,0,67,967.5089,21.070015,42.05030514,-78.87136447,
10/7/2025 15:17:33,11.5346775,82.09024,10.112532,60.973766,0.00578789,0.055777136,6.9667873,-28.105766,-156.43987,9.065259,0.03785944,16401.79,0.9995808,0.05335866,0.001306704,0.021337425,725.6332,12.587403,1.4260095,0.083441354,0,67,967.4318,21.044476,42.05030514,-78.87136447,
10/7/2025 15:17:35,11.52302,82.1451,10.113281,60.997227,0.005612915,0.054063864,6.9663696,-28.081675,-156.54585,9.065436,0.03788529,16395.139,0.9995821,0.053394318,0.001156161,0.021368006,725.63184,12.587654,1.4258327,0.08087981,0,67,967.4301,21.04379,42.05030514,-78.87136447,
10/7/2025 15:17:37,11.511361,82.19997,10.11403,61.02069,0.005437939,0.052350592,6.9659514,-28.057585,-156.65186,9.065614,0.03791114,16388.49,0.9995835,0.05342998,0.001005619,0.021398587,725.63055,12.587906,1.4256558,0.07831826,0,67,967.4284,21.043104,42.05030514,-78.87136447,
10/7/2025 15:17:39,11.499703,82.25483,10.1147785,61.044155,0.005262964,0.05063732,6.9655337,-28.033493,-156.75786,9.06579,0.03793699,16381.84,0.9995848,0.05346564,0.000855077,0.021429168,725.6293,12.588157,1.425479,0.075756714,0,67,967.4267,21.042418,42.05030514,-78.87136447,
10/7/2025 15:17:41,11.488045,82.309685,10.115527,61.067616,0.005087989,0.04892405,6.9651155,-28.009401,-156.86385,9.065968,0.03796284,16375.19,0.99958616,0.0535013,0.000704534,0.02145975,725.628,12.588408,1.4253021,0.07319517,0,67,967.425,21.041733,42.05030514,-78.87136447,
10/7/2025 15:17:43,11.476387,82.36455,10.116276,61.09108,0.004913013,0.04721078,6.964698,-27.985312,-156.96985,9.066145,0.03798869,16368.54,0.9995875,0.05353696,0.000553992,0.021490332,725.6267,12.588659,1.4251254,0.07063362,0,67,967.4233,21.041046,42.05030438,-78.8713645,
10/7/2025 15:17:45,11.464728,82.41941,10.117024,61.114544,0.004738038,0.045497507,6.9642797,-27.96122,-157.07584,9.066322,0.038014542,16361.891,0.99958885,0.05357262,0.00040345,0.021520913,725.6254,12.588911,1.4249485,0.06807207,0,67,967.4216,21.040361,42.05030435,-78.8713645,
10/7/2025 15:17:47,11.370846,82.568275,9.07162,61.074192,0.000947936,0.009129392,6.9152484,-25.26564,-156.70242,9.100836,0.038080417,16373.531,0.9995988,0.05366938,0.000365992,0.019723983,725.6712,12.637925,1.3904536,-0.013891959,0,67,967.48254,21.049522,42.05030434,-78.8713645,
10/7/2025 15:17:49,11.366418,82.57624,9.045215,61.07313,0.000775564,0.007467471,6.913893,-25.19095,-156.71918,9.101719,0.038083993,16373.815,0.9995993,0.053674556,0.000266436,0.019691944,725.6717,12.639177,1.389572,-0.017013384,0,67,967.48315,21.049463,42.05030434,-78.8713645,
10/7/2025 15:17:51,11.36199,82.584206,9.018809,61.07207,0.000603192,0.00580555,6.9125385,-25.116262,-156.73592,9.102601,0.03808757,16374.099,0.99959975,0.053679734,0.000166879,0.019659907,725.6721,12.64043,1.3886904,-0.020134808,0,67,967.48376,21.049404,42.05030435,-78.87136448,
10/7/2025 15:17:53,11.357562,82.59217,8.992404,61.07101,0.00043082,0.00414363,6.9111834,-25.041574,-156.75267,9.103483,0.038091145,16374.382,0.99960023,0.053684913,6.73E-05,0.019627867,725.6726,12.641683,1.3878088,-0.023256231,0,67,967.4844,21.049343,42.05030435,-78.87136448,
10/7/2025 15:17:55,11.353134,82.600136,8.965999,61.069946,0.000258449,0.002481709,6.909828,-24.966887,-156.76941,9.104365,0.03809472,16374.665,0.9996007,0.05369009,0,0.019595828,725.6731,12.642936,1.3869272,-0.026377656,0,67,967.485,21.049284,42.05030435,-78.87136449,
10/7/2025 15:17:57,11.348707,82.6081,8.939594,61.068886,8.61E-05,0.000819788,6.9084735,-24.892199,-156.78616,9.1052475,0.038098298,16374.949,0.9996012,0.053695265,0,0.01956379,725.6735,12.644188,1.3860457,-0.02949908,0,67,967.4856,21.049225,42.05030435,-78.87136449,
10/7/2025 15:17:59,11.344279,82.61607,8.913189,61.067825,0,0,6.9071183,-24.81751,-156.8029,9.10613,0.038101874,16375.232,0.99960166,0.053700443,0,0.019531751,725.674,12.645441,1.3851641,-0.032620504,0,67,967.4862,21.049164,42.05030435,-78.87136449,
10/7/2025 15:18:01,11.286688,82.76671,10.006522,61.088013,0.000149441,0.001436019,6.846198,-21.475615,-155.89362,9.074877,0.038170908,16369.825,0.9996077,0.05379836,0.004927415,0.01550382,725.6876,12.601047,1.4164075,-0.06428565,0,67,967.5045,21.04111,42.05030434,-78.8713645,
10/7/2025 15:18:03,11.284107,82.773,10.021158,61.088596,0.000111176,0.001068319,6.8442807,-21.370367,-155.87163,9.074511,0.038173787,16369.668,0.999608,0.05380245,0.005041219,0.015393417,725.68835,12.600526,1.416774,-0.06592505,0,67,967.5055,21.040997,42.05030434,-78.8713645,
10/7/2025 15:18:05,11.281527,82.7793,10.035794,61.08918,7.29E-05,0.000700618,6.842364,-21.26512,-155.84964,9.074144,0.038176663,16369.512,0.9996083,0.053806543,0.005155022,0.015283015,725.68915,12.600005,1.4171407,-0.06756445,0,67,967.5065,21.040882,42.05030434,-78.8713645,
10/7/2025 15:18:07,11.278947,82.78559,10.05043,61.089764,3.46E-05,0.000332918,6.840447,-21.159872,-155.82764,9.073777,0.03817954,16369.355,0.9996085,0.053810634,0.005268825,0.015172612,725.6899,12.599484,1.4175073,-0.069203846,0,67,967.50745,21.04077,42.05030434,-78.8713645,
10/7/2025 15:18:09,11.276366,82.791885,10.065066,61.090347,0,0,6.83853,-21.054625,-155.80565,9.073411,0.038182415,16369.199,0.9996088,0.053814728,0.005382628,0.015062208,725.6906,12.598963,1.4178739,-0.07084324,0,67,967.5085,21.040657,42.05030434,-78.8713645,
10/7/2025 15:18:11,11.273787,82.79819,10.079702,61.09093,0,0,6.836613,-20.949377,-155.78365,9.073044,0.038185295,16369.043,0.99960905,0.05381882,0.005496431,0.014951806,725.69135,12.598442,1.4182405,-0.07248264,0,67,967.50946,21.040545,42.05030431,-78.87136441,
10/7/2025 15:18:13,11.271206,82.80448,10.094338,61.09151,0,0,6.8346963,-20.84413,-155.76166,9.072678,0.03818817,16368.887,0.99960935,0.053822912,0.005610234,0.014841403,725.6921,12.597921,1.4186071,-0.074122034,0,67,967.51044,21.040432,42.05030431,-78.87136441,
10/7/2025 15:18:15,11.164479,83.04027,9.460009,61.096058,0,0,6.7742214,-17.525383,-154.27672,9.648752,0.038295105,16367.669,0.99962056,0.053976174,0.002178148,0.015576127,725.66534,13.416483,0.8425248,-0.06970802,0,67,967.4748,21.040337,42.05030431,-78.87136441,
10/7/2025 15:18:17,11.16131,83.04746,9.455683,61.096344,0,0,6.772167,-17.412651,-154.23344,9.661827,0.038298376,16367.592,0.9996209,0.053980853,0.002148375,0.015551568,725.66486,13.435061,0.8294498,-0.07000363,0,67,967.4741,21.04025,42.05030431,-78.87136441,
10/7/2025 15:18:19,11.158141,83.05466,9.451356,61.09663,0,0,6.770113,-17.29992,-154.19016,9.674901,0.038301647,16367.516,0.9996212,0.05398553,0.002118602,0.015527009,725.66437,13.45364,0.8163748,-0.07029923,0,67,967.4735,21.040167,42.05030434,-78.87136413,
10/7/2025 15:18:21,11.154971,83.06186,9.447029,61.096916,0,0,6.7680583,-17.187187,-154.14688,9.687976,0.038304914,16367.439,0.99962157,0.053990208,0.002088829,0.015502449,725.66394,13.4722185,0.8032998,-0.07059484,0,67,967.4729,21.040081,42.05030434,-78.87136415,
10/7/2025 15:18:23,11.151802,83.06905,9.442703,61.0972,0,0,6.766004,-17.074455,-154.1036,9.701051,0.038308185,16367.362,0.99962187,0.053994887,0.002059056,0.01547789,725.66345,13.490797,0.79022473,-0.07089044,0,67,967.4723,21.039997,42.05030434,-78.87136415,
10/7/2025 15:18:25,11.148633,83.07625,9.438376,61.097485,0,0,6.76395,-16.961723,-154.06032,9.714126,0.038311455,16367.286,0.9996222,0.053999566,0.002029283,0.01545333,725.66296,13.509376,0.77714974,-0.07118605,0,67,967.4716,21.039913,42.05030434,-78.87136415,
10/7/2025 15:18:27,11.145463,83.08345,9.43405,61.09777,0,0,6.7618957,-16.848991,-154.01704,9.7272005,0.038314726,16367.209,0.9996226,0.05400424,0.001999509,0.015428771,725.66254,13.527953,0.76407474,-0.07148166,0,67,967.471,21.039827,42.05030434,-78.87136415,
10/7/2025 15:18:29,11.043998,83.513245,9.454463,61.251766,0,0,6.700207,-13.467036,-152.50336,9.741894,0.03851527,16326.077,0.99963313,0.054283608,0.000388033,0.015913311,725.6625,13.548854,0.74936557,-0.16404006,0,67,967.471,21.031427,42.05030434,-78.87136417,
10/7/2025 15:18:31,11.0404825,83.525826,9.448887,61.255424,0,0,6.6981053,-13.351779,-152.45236,9.748083,0.038521107,16325.101,0.9996335,0.054291785,0.000318303,0.015929434,725.66223,13.55765,0.74317527,-0.16619521,0,67,967.47064,21.031227,42.05030434,-78.87136417,
10/7/2025 15:18:33,11.036967,83.538414,9.443311,61.259083,0,0,6.696004,-13.236521,-152.40137,9.754273,0.038526945,16324.123,0.9996339,0.054299966,0.000248573,0.015945556,725.662,13.566445,0.736985,-0.16835037,0,67,967.47034,21.031027,42.05030434,-78.87136417,
10/7/2025 15:18:35,11.033452,83.550995,9.437735,61.26274,0,0,6.693902,-13.121263,-152.35037,9.760463,0.038532786,16323.146,0.99963427,0.054308146,0.000178844,0.015961679,725.66174,13.575242,0.7307947,-0.17050552,0,67,967.47,21.030827,42.05030434,-78.87136417,
10/7/2025 15:18:37,11.029937,83.56358,9.432158,61.2664,0,0,6.6918006,-13.006004,-152.29938,9.766653,0.038538624,16322.169,0.9996346,0.054316327,0.000109114,0.0159778,725.6615,13.584038,0.7246044,-0.17266068,0,67,967.4696,21.030626,42.05030434,-78.87136417,
10/7/2025 15:18:39,11.026422,83.576164,9.426583,61.270058,0,0,6.6896987,-12.890747,-152.24838,9.772842,0.038544465,16321.192,0.999635,0.054324504,3.94E-05,0.015993923,725.6612,13.5928335,0.7184142,-0.17481583,0,67,967.4693,21.030426,42.05030434,-78.87136417,
10/7/2025 15:18:41,11.022906,83.58875,9.421007,61.273712,0,0,6.687597,-12.775489,-152.19739,9.779033,0.038550302,16320.215,0.99963534,0.054332685,0,0.016010044,725.66095,13.601629,0.7122239,-0.17697099,0,67,967.46893,21.030226,42.05030434,-78.87136417,
10/7/2025 15:18:43,10.941563,83.851555,9.669316,61.3359,0,0,6.63503,-9.896107,-150.35785,9.756607,0.038671542,16303.677,0.99964374,0.054503515,0.001569422,0.013966794,725.62305,13.569748,0.73466086,-0.15211174,0,67,967.4184,21.02179,42.05030434,-78.87136417,
10/7/2025 15:18:45,10.938554,83.86225,9.675133,61.338936,0,0,6.6331263,-9.791806,-150.29855,9.756568,0.038676497,16302.867,0.99964404,0.054510467,0.001588973,0.01392395,725.6222,13.569693,0.7346999,-0.15249464,0,67,967.41724,21.021505,42.05030434,-78.87136417,
10/7/2025 15:18:47,10.935546,83.87295,9.680949,61.34197,0,0,6.6312227,-9.687507,-150.23924,9.756529,0.038681455,16302.059,0.99964434,0.05451742,0.001608525,0.013881104,725.6213,13.569637,0.7347389,-0.15287755,0,67,967.416,21.021221,42.05030434,-78.87136417,
10/7/2025 15:18:49,10.932537,83.883644,9.686765,61.345005,0,0,6.629319,-9.583206,-150.17995,9.75649,0.03868641,16301.25,0.9996447,0.05452437,0.001628076,0.01383826,725.6204,13.569582,0.73477787,-0.15326045,0,67,967.41486,21.020937,42.05030434,-78.87136417,
10/7/2025 15:18:51,10.929528,83.89434,9.692581,61.348038,0,0,6.6274157,-9.478906,-150.12065,9.756451,0.038691368,16300.44,0.999645,0.05453132,0.001647628,0.013795415,725.6195,13.569527,0.7348169,-0.15364335,0,67,967.41364,21.020653,42.05030434,-78.87136417,
10/7/2025 15:18:53,10.92652,83.90504,9.698398,61.351074,0,0,6.625512,-9.374605,-150.06134,9.7564125,0.038696323,16299.632,0.9996453,0.054538276,0.001667179,0.01375257,725.6186,13.569471,0.7348559,-0.15402626,0,67,967.4125,21.02037,42.05030434,-78.87136417,
10/7/2025 15:18:55,10.9235115,83.91573,9.704213,61.354107,0,0,6.6236086,-9.270306,-150.00204,9.756373,0.03870128,16298.823,0.9996456,0.054545227,0.001686731,0.013709726,725.61774,13.569416,0.7348949,-0.15440916,0,67,967.41125,21.020086,42.05030434,-78.87136418,
10/7/2025 15:18:57,10.84478,83.96783,11.254332,61.26583,0,0,6.5783653,-6.7934804,-147.86993,9.764309,0.03872112,16322.315,0.99965334,0.054579087,0.001406561,0.01434806,725.6117,13.580729,0.72693306,-0.17164603,0,67,967.4032,21.02889,42.05030434,-78.87136419,
10/7/2025 15:18:59,10.8420315,83.97203,11.292898,61.2645,0,0,6.576724,-6.703616,-147.80028,9.7644005,0.038722966,16322.67,0.99965364,0.054581817,0.001414553,0.014342641,725.61115,13.580861,0.72684014,-0.17185403,0,67,967.4025,21.029005,42.05030434,-78.87136419,
10/7/2025 15:19:01,10.839282,83.97623,11.331465,61.26317,0,0,6.575083,-6.6137514,-147.7306,9.764493,0.038724806,16323.024,0.9996539,0.054584548,0.001422545,0.014337224,725.6106,13.580993,0.72674716,-0.17206204,0,67,967.4018,21.02912,42.05030434,-78.87136419,
10/7/2025 15:19:03,10.836533,83.98043,11.37003,61.261837,0,0,6.573442,-6.523887,-147.66093,9.7645855,0.03872665,16323.379,0.9996542,0.05458728,0.001430538,0.014331806,725.6101,13.581125,0.72665423,-0.17227004,0,67,967.40106,21.029234,42.05030434,-78.87136419,
10/7/2025 15:19:05,10.833783,83.984634,11.408597,61.260506,0,0,6.5718007,-6.4340224,-147.59126,9.764678,0.03872849,16323.733,0.9996545,0.054590013,0.00143853,0.014326387,725.60956,13.581257,0.7265613,-0.17247805,0,67,967.4004,21.029348,42.05030434,-78.87136419,
10/7/2025 15:19:07,10.831034,83.98884,11.447164,61.259174,0,0,6.5701594,-6.344158,-147.5216,9.7647705,0.038730334,16324.087,0.9996547,0.054592744,0.001446522,0.01432097,725.609,13.581389,0.7264683,-0.17268606,0,67,967.39966,21.029463,42.05030434,-78.87136421,
10/7/2025 15:19:09,10.828284,83.99304,11.48573,61.257843,0,0,6.5685186,-6.2542934,-147.45193,9.764863,0.038732175,16324.441,0.999655,0.054595474,0.001454514,0.014315551,725.6085,13.581521,0.7263754,-0.17289406,0,67,967.399,21.029577,42.05030434,-78.87136421,
10/7/2025 15:19:11,10.767496,84.122955,9.837907,61.25486,0,0,6.5303245,-4.1647654,-146.16324,9.750317,0.038790606,16325.237,0.9996611,0.05467992,0.000604935,0.013934154,725.6285,13.560866,0.74091184,-0.24390072,0,67,967.42566,21.029661,42.05030431,-78.87136414,
10/7/2025 15:19:13,10.765204,84.12676,9.8154955,61.253956,0,0,6.528928,-4.0883255,-146.11002,9.750058,0.038792286,16325.478,0.99966127,0.054682393,0.000582755,0.013930778,725.6289,13.560498,0.7411704,-0.24573946,0,67,967.42615,21.029747,42.05030431,-78.87136414,
10/7/2025 15:19:15,10.762913,84.13057,9.793084,61.25305,0,0,6.5275307,-4.011885,-146.0568,9.749799,0.038793962,16325.718,0.9996615,0.054684866,0.000560575,0.013927402,725.6293,13.560131,0.74142903,-0.2475782,0,67,967.4267,21.029833,42.05030437,-78.87136398,
10/7/2025 15:19:17,10.760622,84.13437,9.770674,61.252148,0,0,6.526134,-3.9354453,-146.00357,9.749539,0.038795643,16325.959,0.99966174,0.05468734,0.000538394,0.013924026,725.62964,13.559764,0.7416876,-0.24941695,0,67,967.4272,21.029919,42.05030437,-78.871364,
10/7/2025 15:19:19,10.75833,84.138176,9.748262,61.251244,0,0,6.5247374,-3.8590052,-145.95035,9.749281,0.03879732,16326.199,0.999662,0.054689813,0.000516214,0.013920651,725.63007,13.559397,0.7419462,-0.2512557,0,67,967.4277,21.030005,42.05030437,-78.871364,
10/7/2025 15:19:21,10.756039,84.14198,9.725852,61.25034,0,0,6.52334,-3.782565,-145.89713,9.749022,0.038799,16326.439,0.9996622,0.054692287,0.000494034,0.013917275,725.63043,13.559029,0.74220484,-0.25309443,0,67,967.4282,21.030088,42.05030437,-78.871364,
10/7/2025 15:19:23,10.753747,84.14579,9.703441,61.249435,0,0,6.5219436,-3.706125,-145.84392,9.748762,0.038800675,16326.681,0.9996624,0.05469476,0.000471854,0.013913899,725.6308,13.558661,0.7424634,-0.25493318,0,67,967.4287,21.030174,42.05030437,-78.871364,
10/7/2025 15:19:25,10.758723,84.240074,9.643952,61.326054,0,0,6.491053,-2.0172403,-145.01198,9.752891,0.0388464,16306.287,0.9996619,0.05475605,0.002370768,0.014061693,725.6372,13.564496,0.73835695,-0.29573968,0,67,967.4372,21.038515,42.05030437,-78.871364,
10/7/2025 15:19:27,10.758154,84.24368,9.626689,61.327766,0,0,6.4899073,-1.9545987,-144.97786,9.75284,0.038848095,16305.831,0.999662,0.054758392,0.002406333,0.014061186,725.6375,13.5644245,0.73840725,-0.29741848,0,67,967.4376,21.038712,42.05030437,-78.871364,
10/7/2025 15:19:29,10.757586,84.24729,9.609426,61.329483,0,0,6.488762,-1.8919572,-144.94376,9.75279,0.038849793,16305.375,0.99966204,0.05476074,0.002441898,0.014060679,725.6379,13.564353,0.7384575,-0.29909724,0,67,967.43805,21.03891,42.05030435,-78.87136446,
10/7/2025 15:19:31,10.757016,84.2509,9.592162,61.331196,0,0,6.4876165,-1.8293155,-144.90964,9.752741,0.038851492,16304.919,0.9996621,0.054763082,0.002477463,0.014060172,725.63824,13.564282,0.7385078,-0.30077603,0,67,967.43854,21.039108,42.05030435,-78.87136446,
10/7/2025 15:19:33,10.756447,84.25451,9.574899,61.33291,0,0,6.486471,-1.766674,-144.87553,9.752691,0.03885319,16304.463,0.99966216,0.05476543,0.002513028,0.014059665,725.63855,13.564211,0.7385581,-0.3024548,0,67,967.43896,21.039305,42.05030434,-78.8713645,
10/7/2025 15:19:35,10.755878,84.25811,9.557636,61.33462,0,0,6.485326,-1.7040324,-144.84142,9.752641,0.03885489,16304.007,0.9996622,0.054767773,0.002548593,0.014059157,725.6389,13.564139,0.73860836,-0.30413356,0,67,967.43945,21.039503,42.05030434,-78.8713645,
10/7/2025 15:19:37,10.755309,84.26172,9.540373,61.336338,0,0,6.4841805,-1.6413909,-144.8073,9.752591,0.03885659,16303.551,0.9996623,0.05477012,0.002584158,0.014058651,725.6392,13.564068,0.73865867,-0.30581236,0,67,967.4399,21.039701,42.05030434,-78.8713645,
10/7/2025 15:19:39,10.734946,84.25581,10.341817,61.299263,0,0,6.457201,-0.16631399,-143.84727,9.7633295,0.038852364,16313.41,0.9996643,0.054766275,0.0019966,0.01631738,725.626,13.579371,0.72788846,-0.34702128,0,67,967.4223,21.039648,42.05030434,-78.8713645,
10/7/2025 15:19:41,10.734468,84.256714,10.3594,61.299152,0,0,6.4562263,-0.11302105,-143.81522,9.763616,0.038852766,16313.44,0.99966437,0.054766864,0.002001519,0.01637163,725.62573,13.57978,0.7276013,-0.3484403,0,67,967.422,21.039732,42.05030434,-78.8713645,
10/7/2025 15:19:43,10.733991,84.257614,10.376982,61.299038,0,0,6.4552517,-0.059728116,-143.78316,9.763903,0.03885317,16313.47,0.9996644,0.05476745,0.002006437,0.01642588,725.6255,13.580187,0.72731405,-0.34985933,0,67,967.42163,21.039818,42.05026701,-78.87137765,
10/7/2025 15:19:45,10.733513,84.258514,10.394565,61.298927,0,0,6.454277,-0.006435177,-143.75111,9.764189,0.038853567,16313.5,0.9996644,0.054768033,0.002011356,0.01648013,725.62524,13.580595,0.7270269,-0.35127833,0,67,967.4213,21.039902,42.05026647,-78.87137784,
